id,section,word,meaning,example,exampleJa,category,note
1,1,at least,少なくとも,The expression “at least” is common in academic prose.,「at least（少なくとも）」は学術英文でよく使われる。,Basic chunks,まず意味の塊として即座に処理したい基本表現。
2,1,at first,最初は,The expression “at first” is common in academic prose.,「at first（最初は）」は学術英文でよく使われる。,Basic chunks,まず意味の塊として即座に処理したい基本表現。
3,1,at last,ついに,The expression “at last” is common in academic prose.,「at last（ついに）」は学術英文でよく使われる。,Basic chunks,まず意味の塊として即座に処理したい基本表現。
4,1,at once,すぐに；同時に,The expression “at once” is common in academic prose.,「at once（すぐに；同時に）」は学術英文でよく使われる。,Basic chunks,まず意味の塊として即座に処理したい基本表現。
5,1,at the same time,同時に；その一方で,The expression “at the same time” is common in academic prose.,「at the same time（同時に；その一方で）」は学術英文でよく使われる。,Basic chunks,まず意味の塊として即座に処理したい基本表現。
6,1,at this point,この時点で,The expression “at this point” is common in academic prose.,「at this point（この時点で）」は学術英文でよく使われる。,Basic chunks,まず意味の塊として即座に処理したい基本表現。
7,1,at present,現在のところ,The expression “at present” is common in academic prose.,「at present（現在のところ）」は学術英文でよく使われる。,Basic chunks,まず意味の塊として即座に処理したい基本表現。
8,1,at times,時には,The expression “at times” is common in academic prose.,「at times（時には）」は学術英文でよく使われる。,Basic chunks,まず意味の塊として即座に処理したい基本表現。
9,1,at all,少しでも；まったく,The expression “at all” is common in academic prose.,「at all（少しでも；まったく）」は学術英文でよく使われる。,Basic chunks,まず意味の塊として即座に処理したい基本表現。
10,1,for example,例えば,The expression “for example” is common in academic prose.,「for example（例えば）」は学術英文でよく使われる。,Basic chunks,まず意味の塊として即座に処理したい基本表現。
11,1,for instance,例えば,The expression “for instance” is common in academic prose.,「for instance（例えば）」は学術英文でよく使われる。,Basic chunks,まず意味の塊として即座に処理したい基本表現。
12,1,for now,今のところ,The expression “for now” is common in academic prose.,「for now（今のところ）」は学術英文でよく使われる。,Basic chunks,まず意味の塊として即座に処理したい基本表現。
13,1,for this reason,この理由から,The expression “for this reason” is common in academic prose.,「for this reason（この理由から）」は学術英文でよく使われる。,Basic chunks,まず意味の塊として即座に処理したい基本表現。
14,1,in fact,実際；実のところ,The expression “in fact” is common in academic prose.,「in fact（実際；実のところ）」は学術英文でよく使われる。,Basic chunks,まず意味の塊として即座に処理したい基本表現。
15,1,in general,一般に,The expression “in general” is common in academic prose.,「in general（一般に）」は学術英文でよく使われる。,Basic chunks,まず意味の塊として即座に処理したい基本表現。
16,1,in particular,特に,The expression “in particular” is common in academic prose.,「in particular（特に）」は学術英文でよく使われる。,Basic chunks,まず意味の塊として即座に処理したい基本表現。
17,1,in this case,この場合,The expression “in this case” is common in academic prose.,「in this case（この場合）」は学術英文でよく使われる。,Basic chunks,まず意味の塊として即座に処理したい基本表現。
18,1,in that case,その場合,The expression “in that case” is common in academic prose.,「in that case（その場合）」は学術英文でよく使われる。,Basic chunks,まず意味の塊として即座に処理したい基本表現。
19,1,in this way,このようにして,The expression “in this way” is common in academic prose.,「in this way（このようにして）」は学術英文でよく使われる。,Basic chunks,まず意味の塊として即座に処理したい基本表現。
20,1,in other words,言い換えれば,The expression “in other words” is common in academic prose.,「in other words（言い換えれば）」は学術英文でよく使われる。,Basic chunks,まず意味の塊として即座に処理したい基本表現。
21,1,in the end,結局,The expression “in the end” is common in academic prose.,「in the end（結局）」は学術英文でよく使われる。,Basic chunks,まず意味の塊として即座に処理したい基本表現。
22,1,in addition,さらに,The expression “in addition” is common in academic prose.,「in addition（さらに）」は学術英文でよく使われる。,Basic chunks,まず意味の塊として即座に処理したい基本表現。
23,1,in contrast,対照的に,The expression “in contrast” is common in academic prose.,「in contrast（対照的に）」は学術英文でよく使われる。,Basic chunks,まず意味の塊として即座に処理したい基本表現。
24,1,by contrast,対照的に,The expression “by contrast” is common in academic prose.,「by contrast（対照的に）」は学術英文でよく使われる。,Basic chunks,まず意味の塊として即座に処理したい基本表現。
25,1,as a result,その結果,The expression “as a result” is common in academic prose.,「as a result（その結果）」は学術英文でよく使われる。,Basic chunks,まず意味の塊として即座に処理したい基本表現。
26,1,as a whole,全体として,The expression “as a whole” is common in academic prose.,「as a whole（全体として）」は学術英文でよく使われる。,Basic chunks,まず意味の塊として即座に処理したい基本表現。
27,1,as usual,いつものように,The expression “as usual” is common in academic prose.,「as usual（いつものように）」は学術英文でよく使われる。,Basic chunks,まず意味の塊として即座に処理したい基本表現。
28,1,as follows,次のように,The expression “as follows” is common in academic prose.,「as follows（次のように）」は学術英文でよく使われる。,Basic chunks,まず意味の塊として即座に処理したい基本表現。
29,1,such as,〜のような,The expression “such as” is common in academic prose.,「such as（〜のような）」は学術英文でよく使われる。,Basic chunks,まず意味の塊として即座に処理したい基本表現。
30,1,as well as,〜だけでなく…も,The expression “as well as” is common in academic prose.,「as well as（〜だけでなく…も）」は学術英文でよく使われる。,Basic chunks,まず意味の塊として即座に処理したい基本表現。
31,1,because of,〜のために；〜が原因で,The expression “because of” is common in academic prose.,「because of（〜のために；〜が原因で）」は学術英文でよく使われる。,Basic chunks,まず意味の塊として即座に処理したい基本表現。
32,1,due to,〜のために；〜に起因して,The expression “due to” is common in academic prose.,「due to（〜のために；〜に起因して）」は学術英文でよく使われる。,Basic chunks,まず意味の塊として即座に処理したい基本表現。
33,1,owing to,〜のために,The expression “owing to” is common in academic prose.,「owing to（〜のために）」は学術英文でよく使われる。,Basic chunks,まず意味の塊として即座に処理したい基本表現。
34,1,instead of,〜の代わりに；〜ではなく,The expression “instead of” is common in academic prose.,「instead of（〜の代わりに；〜ではなく）」は学術英文でよく使われる。,Basic chunks,まず意味の塊として即座に処理したい基本表現。
35,1,rather than,〜ではなく,The expression “rather than” is common in academic prose.,「rather than（〜ではなく）」は学術英文でよく使われる。,Basic chunks,まず意味の塊として即座に処理したい基本表現。
36,1,according to,〜によれば,The expression “according to” is common in academic prose.,「according to（〜によれば）」は学術英文でよく使われる。,Basic chunks,まず意味の塊として即座に処理したい基本表現。
37,1,apart from,〜を除いて；〜は別として,The expression “apart from” is common in academic prose.,「apart from（〜を除いて；〜は別として）」は学術英文でよく使われる。,Basic chunks,まず意味の塊として即座に処理したい基本表現。
38,1,except for,〜を除いて,The expression “except for” is common in academic prose.,「except for（〜を除いて）」は学術英文でよく使われる。,Basic chunks,まず意味の塊として即座に処理したい基本表現。
39,1,along with,〜とともに,The expression “along with” is common in academic prose.,「along with（〜とともに）」は学術英文でよく使われる。,Basic chunks,まず意味の塊として即座に処理したい基本表現。
40,1,together with,〜とともに,The expression “together with” is common in academic prose.,「together with（〜とともに）」は学術英文でよく使われる。,Basic chunks,まず意味の塊として即座に処理したい基本表現。
41,1,more than,〜より多く；単なる〜以上,The expression “more than” is common in academic prose.,「more than（〜より多く；単なる〜以上）」は学術英文でよく使われる。,Basic chunks,まず意味の塊として即座に処理したい基本表現。
42,1,less than,〜未満；〜ほどではない,The expression “less than” is common in academic prose.,「less than（〜未満；〜ほどではない）」は学術英文でよく使われる。,Basic chunks,まず意味の塊として即座に処理したい基本表現。
43,1,one of,〜のうちの一つ,The expression “one of” is common in academic prose.,「one of（〜のうちの一つ）」は学術英文でよく使われる。,Basic chunks,まず意味の塊として即座に処理したい基本表現。
44,1,a number of,いくつかの；多数の,The expression “a number of” is common in academic prose.,「a number of（いくつかの；多数の）」は学術英文でよく使われる。,Basic chunks,まず意味の塊として即座に処理したい基本表現。
45,1,a kind of,一種の,The expression “a kind of” is common in academic prose.,「a kind of（一種の）」は学術英文でよく使われる。,Basic chunks,まず意味の塊として即座に処理したい基本表現。
46,1,a sort of,一種の,The expression “a sort of” is common in academic prose.,「a sort of（一種の）」は学術英文でよく使われる。,Basic chunks,まず意味の塊として即座に処理したい基本表現。
47,1,a series of,一連の,The expression “a series of” is common in academic prose.,「a series of（一連の）」は学術英文でよく使われる。,Basic chunks,まず意味の塊として即座に処理したい基本表現。
48,1,a range of,さまざまな,The expression “a range of” is common in academic prose.,「a range of（さまざまな）」は学術英文でよく使われる。,Basic chunks,まず意味の塊として即座に処理したい基本表現。
49,1,a variety of,さまざまな,The expression “a variety of” is common in academic prose.,「a variety of（さまざまな）」は学術英文でよく使われる。,Basic chunks,まず意味の塊として即座に処理したい基本表現。
50,1,a great deal of,多量の,The expression “a great deal of” is common in academic prose.,「a great deal of（多量の）」は学術英文でよく使われる。,Basic chunks,まず意味の塊として即座に処理したい基本表現。
51,1,the same as,〜と同じ,The expression “the same as” is common in academic prose.,「the same as（〜と同じ）」は学術英文でよく使われる。,Basic chunks,まず意味の塊として即座に処理したい基本表現。
52,1,different from,〜とは異なる,The expression “different from” is common in academic prose.,「different from（〜とは異なる）」は学術英文でよく使われる。,Basic chunks,まず意味の塊として即座に処理したい基本表現。
53,1,similar to,〜に似ている,The expression “similar to” is common in academic prose.,「similar to（〜に似ている）」は学術英文でよく使われる。,Basic chunks,まず意味の塊として即座に処理したい基本表現。
54,1,close to,〜に近い,The expression “close to” is common in academic prose.,「close to（〜に近い）」は学術英文でよく使われる。,Basic chunks,まず意味の塊として即座に処理したい基本表現。
55,1,far from,〜から程遠い；決して〜ではない,The expression “far from” is common in academic prose.,「far from（〜から程遠い；決して〜ではない）」は学術英文でよく使われる。,Basic chunks,まず意味の塊として即座に処理したい基本表現。
56,1,in place of,〜の代わりに,The expression “in place of” is common in academic prose.,「in place of（〜の代わりに）」は学術英文でよく使われる。,Basic chunks,まず意味の塊として即座に処理したい基本表現。
57,1,in spite of,〜にもかかわらず,The expression “in spite of” is common in academic prose.,「in spite of（〜にもかかわらず）」は学術英文でよく使われる。,Basic chunks,まず意味の塊として即座に処理したい基本表現。
58,1,despite,〜にもかかわらず,The expression “despite” is common in academic prose.,「despite（〜にもかかわらず）」は学術英文でよく使われる。,Basic chunks,まず意味の塊として即座に処理したい基本表現。
59,1,even if,たとえ〜でも,The expression “even if” is common in academic prose.,「even if（たとえ〜でも）」は学術英文でよく使われる。,Basic chunks,まず意味の塊として即座に処理したい基本表現。
60,1,even though,〜にもかかわらず,The expression “even though” is common in academic prose.,「even though（〜にもかかわらず）」は学術英文でよく使われる。,Basic chunks,まず意味の塊として即座に処理したい基本表現。
61,1,although,〜だけれども,The expression “although” is common in academic prose.,「although（〜だけれども）」は学術英文でよく使われる。,Basic chunks,まず意味の塊として即座に処理したい基本表現。
62,1,though,〜だけれども,The expression “though” is common in academic prose.,「though（〜だけれども）」は学術英文でよく使われる。,Basic chunks,まず意味の塊として即座に処理したい基本表現。
63,1,while,〜する一方で,The expression “while” is common in academic prose.,「while（〜する一方で）」は学術英文でよく使われる。,Basic chunks,まず意味の塊として即座に処理したい基本表現。
64,1,whereas,〜である一方で,The expression “whereas” is common in academic prose.,「whereas（〜である一方で）」は学術英文でよく使われる。,Basic chunks,まず意味の塊として即座に処理したい基本表現。
65,1,if so,もしそうなら,The expression “if so” is common in academic prose.,「if so（もしそうなら）」は学術英文でよく使われる。,Basic chunks,まず意味の塊として即座に処理したい基本表現。
66,1,if not,もしそうでなければ,The expression “if not” is common in academic prose.,「if not（もしそうでなければ）」は学術英文でよく使われる。,Basic chunks,まず意味の塊として即座に処理したい基本表現。
67,1,if possible,可能なら,The expression “if possible” is common in academic prose.,「if possible（可能なら）」は学術英文でよく使われる。,Basic chunks,まず意味の塊として即座に処理したい基本表現。
68,1,if necessary,必要なら,The expression “if necessary” is common in academic prose.,「if necessary（必要なら）」は学術英文でよく使われる。,Basic chunks,まず意味の塊として即座に処理したい基本表現。
69,1,as if,まるで〜かのように,The expression “as if” is common in academic prose.,「as if（まるで〜かのように）」は学術英文でよく使われる。,Basic chunks,まず意味の塊として即座に処理したい基本表現。
70,1,as though,まるで〜かのように,The expression “as though” is common in academic prose.,「as though（まるで〜かのように）」は学術英文でよく使われる。,Basic chunks,まず意味の塊として即座に処理したい基本表現。
71,1,so that,〜するように；その結果,The expression “so that” is common in academic prose.,「so that（〜するように；その結果）」は学術英文でよく使われる。,Basic chunks,まず意味の塊として即座に処理したい基本表現。
72,1,in order to,〜するために,The expression “in order to” is common in academic prose.,「in order to（〜するために）」は学術英文でよく使われる。,Basic chunks,まず意味の塊として即座に処理したい基本表現。
73,1,so as to,〜するために,The expression “so as to” is common in academic prose.,「so as to（〜するために）」は学術英文でよく使われる。,Basic chunks,まず意味の塊として即座に処理したい基本表現。
74,1,whether or not,〜であるかどうかにかかわらず,The expression “whether or not” is common in academic prose.,「whether or not（〜であるかどうかにかかわらず）」は学術英文でよく使われる。,Basic chunks,まず意味の塊として即座に処理したい基本表現。
75,1,both A and B,AとBの両方,The expression “both A and B” is common in academic prose.,「both A and B（AとBの両方）」は学術英文でよく使われる。,Basic chunks,まず意味の塊として即座に処理したい基本表現。
76,1,either A or B,AかBのどちらか,The expression “either A or B” is common in academic prose.,「either A or B（AかBのどちらか）」は学術英文でよく使われる。,Basic chunks,まず意味の塊として即座に処理したい基本表現。
77,1,neither A nor B,AでもBでもない,The expression “neither A nor B” is common in academic prose.,「neither A nor B（AでもBでもない）」は学術英文でよく使われる。,Basic chunks,まず意味の塊として即座に処理したい基本表現。
78,1,not only A but also B,AだけでなくBも,The expression “not only A but also B” is common in academic prose.,「not only A but also B（AだけでなくBも）」は学術英文でよく使われる。,Basic chunks,まず意味の塊として即座に処理したい基本表現。
79,1,whether A or B,AであろうとBであろうと,The expression “whether A or B” is common in academic prose.,「whether A or B（AであろうとBであろうと）」は学術英文でよく使われる。,Basic chunks,まず意味の塊として即座に処理したい基本表現。
80,1,from A to B,AからBまで,The expression “from A to B” is common in academic prose.,「from A to B（AからBまで）」は学術英文でよく使われる。,Basic chunks,まず意味の塊として即座に処理したい基本表現。
81,1,between A and B,AとBの間に,The expression “between A and B” is common in academic prose.,「between A and B（AとBの間に）」は学術英文でよく使われる。,Basic chunks,まず意味の塊として即座に処理したい基本表現。
82,1,among other things,とりわけ；その他のこととともに,The expression “among other things” is common in academic prose.,「among other things（とりわけ；その他のこととともに）」は学術英文でよく使われる。,Basic chunks,まず意味の塊として即座に処理したい基本表現。
83,1,and so on,など,The expression “and so on” is common in academic prose.,「and so on（など）」は学術英文でよく使われる。,Basic chunks,まず意味の塊として即座に処理したい基本表現。
84,1,and so forth,など,The expression “and so forth” is common in academic prose.,「and so forth（など）」は学術英文でよく使われる。,Basic chunks,まず意味の塊として即座に処理したい基本表現。
85,1,as such,そのようなものとして；したがって,The expression “as such” is common in academic prose.,「as such（そのようなものとして；したがって）」は学術英文でよく使われる。,Basic chunks,まず意味の塊として即座に処理したい基本表現。
86,1,by itself,それ自体で；単独で,The expression “by itself” is common in academic prose.,「by itself（それ自体で；単独で）」は学術英文でよく使われる。,Basic chunks,まず意味の塊として即座に処理したい基本表現。
87,1,on its own,それ単独で,The expression “on its own” is common in academic prose.,「on its own（それ単独で）」は学術英文でよく使われる。,Basic chunks,まず意味の塊として即座に処理したい基本表現。
88,1,in itself,それ自体では,The expression “in itself” is common in academic prose.,「in itself（それ自体では）」は学術英文でよく使われる。,Basic chunks,まず意味の塊として即座に処理したい基本表現。
89,1,as much as,〜と同じくらい,The expression “as much as” is common in academic prose.,「as much as（〜と同じくらい）」は学術英文でよく使われる。,Basic chunks,まず意味の塊として即座に処理したい基本表現。
90,1,as far as,〜する限り；〜に関する限り,The expression “as far as” is common in academic prose.,「as far as（〜する限り；〜に関する限り）」は学術英文でよく使われる。,Basic chunks,まず意味の塊として即座に処理したい基本表現。
91,1,as long as,〜する限り,The expression “as long as” is common in academic prose.,「as long as（〜する限り）」は学術英文でよく使われる。,Basic chunks,まず意味の塊として即座に処理したい基本表現。
92,1,as soon as,〜するとすぐに,The expression “as soon as” is common in academic prose.,「as soon as（〜するとすぐに）」は学術英文でよく使われる。,Basic chunks,まず意味の塊として即座に処理したい基本表現。
93,1,from then on,それ以降,The expression “from then on” is common in academic prose.,「from then on（それ以降）」は学術英文でよく使われる。,Basic chunks,まず意味の塊として即座に処理したい基本表現。
94,1,by then,その時までに,The expression “by then” is common in academic prose.,「by then（その時までに）」は学術英文でよく使われる。,Basic chunks,まず意味の塊として即座に処理したい基本表現。
95,1,before long,まもなく,The expression “before long” is common in academic prose.,「before long（まもなく）」は学術英文でよく使われる。,Basic chunks,まず意味の塊として即座に処理したい基本表現。
96,1,once again,もう一度；再び,The expression “once again” is common in academic prose.,「once again（もう一度；再び）」は学術英文でよく使われる。,Basic chunks,まず意味の塊として即座に処理したい基本表現。
97,1,over time,時間とともに,The expression “over time” is common in academic prose.,「over time（時間とともに）」は学術英文でよく使われる。,Basic chunks,まず意味の塊として即座に処理したい基本表現。
98,1,so far,これまでのところ,The expression “so far” is common in academic prose.,「so far（これまでのところ）」は学術英文でよく使われる。,Basic chunks,まず意味の塊として即座に処理したい基本表現。
99,1,from time to time,時折,The expression “from time to time” is common in academic prose.,「from time to time（時折）」は学術英文でよく使われる。,Basic chunks,まず意味の塊として即座に処理したい基本表現。
100,1,again and again,何度も,The expression “again and again” is common in academic prose.,「again and again（何度も）」は学術英文でよく使われる。,Basic chunks,まず意味の塊として即座に処理したい基本表現。
101,1,more and more,ますます,The expression “more and more” is common in academic prose.,「more and more（ますます）」は学術英文でよく使われる。,Basic chunks,まず意味の塊として即座に処理したい基本表現。
102,1,less and less,ますます少なく,The expression “less and less” is common in academic prose.,「less and less（ますます少なく）」は学術英文でよく使われる。,Basic chunks,まず意味の塊として即座に処理したい基本表現。
103,1,little by little,少しずつ,The expression “little by little” is common in academic prose.,「little by little（少しずつ）」は学術英文でよく使われる。,Basic chunks,まず意味の塊として即座に処理したい基本表現。
104,1,step by step,段階的に,The expression “step by step” is common in academic prose.,「step by step（段階的に）」は学術英文でよく使われる。,Basic chunks,まず意味の塊として即座に処理したい基本表現。
105,1,one by one,一つずつ,The expression “one by one” is common in academic prose.,「one by one（一つずつ）」は学術英文でよく使われる。,Basic chunks,まず意味の塊として即座に処理したい基本表現。
106,1,side by side,並べて；並行して,The expression “side by side” is common in academic prose.,「side by side（並べて；並行して）」は学術英文でよく使われる。,Basic chunks,まず意味の塊として即座に処理したい基本表現。
107,1,on the one hand,一方では,The expression “on the one hand” is common in academic prose.,「on the one hand（一方では）」は学術英文でよく使われる。,Basic chunks,まず意味の塊として即座に処理したい基本表現。
108,1,on the other hand,他方では,The expression “on the other hand” is common in academic prose.,「on the other hand（他方では）」は学術英文でよく使われる。,Basic chunks,まず意味の塊として即座に処理したい基本表現。
109,1,in the first place,そもそも；第一に,The expression “in the first place” is common in academic prose.,「in the first place（そもそも；第一に）」は学術英文でよく使われる。,Basic chunks,まず意味の塊として即座に処理したい基本表現。
110,1,first of all,まず第一に,The expression “first of all” is common in academic prose.,「first of all（まず第一に）」は学術英文でよく使われる。,Basic chunks,まず意味の塊として即座に処理したい基本表現。
111,1,above all,何よりも,The expression “above all” is common in academic prose.,「above all（何よりも）」は学術英文でよく使われる。,Basic chunks,まず意味の塊として即座に処理したい基本表現。
112,1,after all,結局；そもそも,The expression “after all” is common in academic prose.,「after all（結局；そもそも）」は学術英文でよく使われる。,Basic chunks,まず意味の塊として即座に処理したい基本表現。
113,1,all in all,全体として,The expression “all in all” is common in academic prose.,「all in all（全体として）」は学術英文でよく使われる。,Basic chunks,まず意味の塊として即座に処理したい基本表現。
114,1,to begin with,まず；そもそも,The expression “to begin with” is common in academic prose.,「to begin with（まず；そもそも）」は学術英文でよく使われる。,Basic chunks,まず意味の塊として即座に処理したい基本表現。
115,1,at any rate,いずれにせよ,The expression “at any rate” is common in academic prose.,「at any rate（いずれにせよ）」は学術英文でよく使われる。,Basic chunks,まず意味の塊として即座に処理したい基本表現。
116,1,in any case,いずれにせよ,The expression “in any case” is common in academic prose.,「in any case（いずれにせよ）」は学術英文でよく使われる。,Basic chunks,まず意味の塊として即座に処理したい基本表現。
117,1,in either case,どちらの場合でも,The expression “in either case” is common in academic prose.,「in either case（どちらの場合でも）」は学術英文でよく使われる。,Basic chunks,まず意味の塊として即座に処理したい基本表現。
118,1,in both cases,どちらの場合も,The expression “in both cases” is common in academic prose.,「in both cases（どちらの場合も）」は学術英文でよく使われる。,Basic chunks,まず意味の塊として即座に処理したい基本表現。
119,1,in many cases,多くの場合,The expression “in many cases” is common in academic prose.,「in many cases（多くの場合）」は学術英文でよく使われる。,Basic chunks,まず意味の塊として即座に処理したい基本表現。
120,1,in some cases,場合によっては,The expression “in some cases” is common in academic prose.,「in some cases（場合によっては）」は学術英文でよく使われる。,Basic chunks,まず意味の塊として即座に処理したい基本表現。
121,1,in most cases,ほとんどの場合,The expression “in most cases” is common in academic prose.,「in most cases（ほとんどの場合）」は学術英文でよく使われる。,Basic chunks,まず意味の塊として即座に処理したい基本表現。
122,1,in rare cases,まれな場合には,The expression “in rare cases” is common in academic prose.,「in rare cases（まれな場合には）」は学術英文でよく使われる。,Basic chunks,まず意味の塊として即座に処理したい基本表現。
123,1,in practice,実際には；実践上,The expression “in practice” is common in academic prose.,「in practice（実際には；実践上）」は学術英文でよく使われる。,Basic chunks,まず意味の塊として即座に処理したい基本表現。
124,1,in theory,理論上は,The expression “in theory” is common in academic prose.,「in theory（理論上は）」は学術英文でよく使われる。,Basic chunks,まず意味の塊として即座に処理したい基本表現。
125,1,in principle,原理上は,The expression “in principle” is common in academic prose.,「in principle（原理上は）」は学術英文でよく使われる。,Basic chunks,まず意味の塊として即座に処理したい基本表現。
126,1,on average,平均すると,The expression “on average” is common in academic prose.,「on average（平均すると）」は学術英文でよく使われる。,Basic chunks,まず意味の塊として即座に処理したい基本表現。
127,1,in part,部分的には,The expression “in part” is common in academic prose.,「in part（部分的には）」は学術英文でよく使われる。,Basic chunks,まず意味の塊として即座に処理したい基本表現。
128,1,by and large,概して,The expression “by and large” is common in academic prose.,「by and large（概して）」は学術英文でよく使われる。,Basic chunks,まず意味の塊として即座に処理したい基本表現。
129,1,on this view,この見解では,The expression “on this view” is common in academic prose.,「on this view（この見解では）」は学術英文でよく使われる。,Basic chunks,まず意味の塊として即座に処理したい基本表現。
130,1,on this account,この説明では,The expression “on this account” is common in academic prose.,「on this account（この説明では）」は学術英文でよく使われる。,Basic chunks,まず意味の塊として即座に処理したい基本表現。
131,1,on this basis,この根拠に基づいて,The expression “on this basis” is common in academic prose.,「on this basis（この根拠に基づいて）」は学術英文でよく使われる。,Basic chunks,まず意味の塊として即座に処理したい基本表現。
132,1,in response to,〜に応答して,The expression “in response to” is common in academic prose.,「in response to（〜に応答して）」は学術英文でよく使われる。,Basic chunks,まず意味の塊として即座に処理したい基本表現。
133,1,with this in mind,これを念頭に置いて,The expression “with this in mind” is common in academic prose.,「with this in mind（これを念頭に置いて）」は学術英文でよく使われる。,Basic chunks,まず意味の塊として即座に処理したい基本表現。
134,1,in the light of,〜に照らして,The expression “in the light of” is common in academic prose.,「in the light of（〜に照らして）」は学術英文でよく使われる。,Basic chunks,まず意味の塊として即座に処理したい基本表現。
135,1,in relation to,〜との関係で,The expression “in relation to” is common in academic prose.,「in relation to（〜との関係で）」は学術英文でよく使われる。,Basic chunks,まず意味の塊として即座に処理したい基本表現。
136,1,with respect to,〜に関して,The expression “with respect to” is common in academic prose.,「with respect to（〜に関して）」は学術英文でよく使われる。,Basic chunks,まず意味の塊として即座に処理したい基本表現。
137,1,with regard to,〜に関して,The expression “with regard to” is common in academic prose.,「with regard to（〜に関して）」は学術英文でよく使われる。,Basic chunks,まず意味の塊として即座に処理したい基本表現。
138,1,as for,〜について言えば,The expression “as for” is common in academic prose.,「as for（〜について言えば）」は学術英文でよく使われる。,Basic chunks,まず意味の塊として即座に処理したい基本表現。
139,1,in comparison with,〜と比較すると,The expression “in comparison with” is common in academic prose.,「in comparison with（〜と比較すると）」は学術英文でよく使われる。,Basic chunks,まず意味の塊として即座に処理したい基本表現。
140,1,compared with,〜と比較して,The expression “compared with” is common in academic prose.,「compared with（〜と比較して）」は学術英文でよく使われる。,Basic chunks,まず意味の塊として即座に処理したい基本表現。
141,1,in favor of,〜を支持して,The expression “in favor of” is common in academic prose.,「in favor of（〜を支持して）」は学術英文でよく使われる。,Basic chunks,まず意味の塊として即座に処理したい基本表現。
142,1,with the exception of,〜を除いて,The expression “with the exception of” is common in academic prose.,「with the exception of（〜を除いて）」は学術英文でよく使われる。,Basic chunks,まず意味の塊として即座に処理したい基本表現。
143,1,in the absence of,〜がない場合に,The expression “in the absence of” is common in academic prose.,「in the absence of（〜がない場合に）」は学術英文でよく使われる。,Basic chunks,まず意味の塊として即座に処理したい基本表現。
144,1,on the whole,全体として,The expression “on the whole” is useful for reading this level of academic argument.,「on the whole（全体として）」はこの難易度帯の学術的議論を読むうえで有用である。,Basic chunks,読解時に一つの意味単位として認識する。
145,1,for the most part,大部分は,The expression “for the most part” is useful for reading this level of academic argument.,「for the most part（大部分は）」はこの難易度帯の学術的議論を読むうえで有用である。,Basic chunks,読解時に一つの意味単位として認識する。
146,1,in a sense,ある意味で,The expression “in a sense” is useful for reading this level of academic argument.,「in a sense（ある意味で）」はこの難易度帯の学術的議論を読むうえで有用である。,Basic chunks,読解時に一つの意味単位として認識する。
147,1,in one way,ある仕方では,The expression “in one way” is useful for reading this level of academic argument.,「in one way（ある仕方では）」はこの難易度帯の学術的議論を読むうえで有用である。,Basic chunks,読解時に一つの意味単位として認識する。
148,1,in another way,別の仕方では,The expression “in another way” is useful for reading this level of academic argument.,「in another way（別の仕方では）」はこの難易度帯の学術的議論を読むうえで有用である。,Basic chunks,読解時に一つの意味単位として認識する。
149,1,on this point,この点について,The expression “on this point” is useful for reading this level of academic argument.,「on this point（この点について）」はこの難易度帯の学術的議論を読むうえで有用である。,Basic chunks,読解時に一つの意味単位として認識する。
150,1,on this issue,この問題について,The expression “on this issue” is common in academic prose.,「on this issue（この問題について）」は学術英文でよく使われる。,Basic chunks,一つの意味単位として読む。
151,2,X accounts for Y,XはYを説明する,The frame “X accounts for Y” is common in expository and academic prose.,「X accounts for Y（XはYを説明する）」は説明文・学術文でよく使われる。,Verb chunks,動詞＋前置詞・補語を一つの単位として読む。
152,2,X agrees with Y,XはYと一致する／同意する,The frame “X agrees with Y” is common in expository and academic prose.,「X agrees with Y（XはYと一致する／同意する）」は説明文・学術文でよく使われる。,Verb chunks,動詞＋前置詞・補語を一つの単位として読む。
153,2,X aims at Y,XはYを目指す,The frame “X aims at Y” is common in expository and academic prose.,「X aims at Y（XはYを目指す）」は説明文・学術文でよく使われる。,Verb chunks,動詞＋前置詞・補語を一つの単位として読む。
154,2,X aims to Y,XはYすることを目指す,The frame “X aims to Y” is common in expository and academic prose.,「X aims to Y（XはYすることを目指す）」は説明文・学術文でよく使われる。,Verb chunks,動詞＋前置詞・補語を一つの単位として読む。
155,2,X applies to Y,XはYに当てはまる,The frame “X applies to Y” is common in expository and academic prose.,「X applies to Y（XはYに当てはまる）」は説明文・学術文でよく使われる。,Verb chunks,動詞＋前置詞・補語を一つの単位として読む。
156,2,X arises from Y,XはYから生じる,The frame “X arises from Y” is common in expository and academic prose.,「X arises from Y（XはYから生じる）」は説明文・学術文でよく使われる。,Verb chunks,動詞＋前置詞・補語を一つの単位として読む。
157,2,X belongs to Y,XはYに属する,The frame “X belongs to Y” is common in expository and academic prose.,「X belongs to Y（XはYに属する）」は説明文・学術文でよく使われる。,Verb chunks,動詞＋前置詞・補語を一つの単位として読む。
158,2,X brings about Y,XはYを引き起こす,The frame “X brings about Y” is common in expository and academic prose.,「X brings about Y（XはYを引き起こす）」は説明文・学術文でよく使われる。,Verb chunks,動詞＋前置詞・補語を一つの単位として読む。
159,2,X brings out Y,XはYを明らかにする,The frame “X brings out Y” is common in expository and academic prose.,「X brings out Y（XはYを明らかにする）」は説明文・学術文でよく使われる。,Verb chunks,動詞＋前置詞・補語を一つの単位として読む。
160,2,X builds on Y,XはYを土台にする,The frame “X builds on Y” is common in expository and academic prose.,「X builds on Y（XはYを土台にする）」は説明文・学術文でよく使われる。,Verb chunks,動詞＋前置詞・補語を一つの単位として読む。
161,2,X calls for Y,XはYを必要とする／要求する,The frame “X calls for Y” is common in expository and academic prose.,「X calls for Y（XはYを必要とする／要求する）」は説明文・学術文でよく使われる。,Verb chunks,動詞＋前置詞・補語を一つの単位として読む。
162,2,X carries out Y,XはYを実行する,The frame “X carries out Y” is common in expository and academic prose.,「X carries out Y（XはYを実行する）」は説明文・学術文でよく使われる。,Verb chunks,動詞＋前置詞・補語を一つの単位として読む。
163,2,X comes from Y,XはYに由来する,The frame “X comes from Y” is common in expository and academic prose.,「X comes from Y（XはYに由来する）」は説明文・学術文でよく使われる。,Verb chunks,動詞＋前置詞・補語を一つの単位として読む。
164,2,X consists of Y,XはYから成る,The frame “X consists of Y” is common in expository and academic prose.,「X consists of Y（XはYから成る）」は説明文・学術文でよく使われる。,Verb chunks,動詞＋前置詞・補語を一つの単位として読む。
165,2,X contributes to Y,XはYに寄与する／一因となる,The frame “X contributes to Y” is common in expository and academic prose.,「X contributes to Y（XはYに寄与する／一因となる）」は説明文・学術文でよく使われる。,Verb chunks,動詞＋前置詞・補語を一つの単位として読む。
166,2,X copes with Y,XはYに対処する,The frame “X copes with Y” is common in expository and academic prose.,「X copes with Y（XはYに対処する）」は説明文・学術文でよく使われる。,Verb chunks,動詞＋前置詞・補語を一つの単位として読む。
167,2,X corresponds to Y,XはYに対応する,The frame “X corresponds to Y” is common in expository and academic prose.,「X corresponds to Y（XはYに対応する）」は説明文・学術文でよく使われる。,Verb chunks,動詞＋前置詞・補語を一つの単位として読む。
168,2,X deals with Y,XはYを扱う,The frame “X deals with Y” is common in expository and academic prose.,「X deals with Y（XはYを扱う）」は説明文・学術文でよく使われる。,Verb chunks,動詞＋前置詞・補語を一つの単位として読む。
169,2,X depends on Y,XはYに依存する,The frame “X depends on Y” is common in expository and academic prose.,「X depends on Y（XはYに依存する）」は説明文・学術文でよく使われる。,Verb chunks,動詞＋前置詞・補語を一つの単位として読む。
170,2,X derives from Y,XはYから導かれる,The frame “X derives from Y” is common in expository and academic prose.,「X derives from Y（XはYから導かれる）」は説明文・学術文でよく使われる。,Verb chunks,動詞＋前置詞・補語を一つの単位として読む。
171,2,X differs from Y,XはYと異なる,The frame “X differs from Y” is common in expository and academic prose.,「X differs from Y（XはYと異なる）」は説明文・学術文でよく使われる。,Verb chunks,動詞＋前置詞・補語を一つの単位として読む。
172,2,X draws on Y,XはYを利用する／参照する,The frame “X draws on Y” is common in expository and academic prose.,「X draws on Y（XはYを利用する／参照する）」は説明文・学術文でよく使われる。,Verb chunks,動詞＋前置詞・補語を一つの単位として読む。
173,2,X focuses on Y,XはYに焦点を当てる,The frame “X focuses on Y” is common in expository and academic prose.,「X focuses on Y（XはYに焦点を当てる）」は説明文・学術文でよく使われる。,Verb chunks,動詞＋前置詞・補語を一つの単位として読む。
174,2,X follows from Y,XはYから導かれる,The frame “X follows from Y” is common in expository and academic prose.,「X follows from Y（XはYから導かれる）」は説明文・学術文でよく使われる。,Verb chunks,動詞＋前置詞・補語を一つの単位として読む。
175,2,X gives rise to Y,XはYを生じさせる,The frame “X gives rise to Y” is common in expository and academic prose.,「X gives rise to Y（XはYを生じさせる）」は説明文・学術文でよく使われる。,Verb chunks,動詞＋前置詞・補語を一つの単位として読む。
176,2,X goes against Y,XはYに反する,The frame “X goes against Y” is common in expository and academic prose.,「X goes against Y（XはYに反する）」は説明文・学術文でよく使われる。,Verb chunks,動詞＋前置詞・補語を一つの単位として読む。
177,2,X leads to Y,XはYにつながる／引き起こす,The frame “X leads to Y” is common in expository and academic prose.,「X leads to Y（XはYにつながる／引き起こす）」は説明文・学術文でよく使われる。,Verb chunks,動詞＋前置詞・補語を一つの単位として読む。
178,2,X makes use of Y,XはYを利用する,The frame “X makes use of Y” is common in expository and academic prose.,「X makes use of Y（XはYを利用する）」は説明文・学術文でよく使われる。,Verb chunks,動詞＋前置詞・補語を一つの単位として読む。
179,2,X objects to Y,XはYに反対する,The frame “X objects to Y” is common in expository and academic prose.,「X objects to Y（XはYに反対する）」は説明文・学術文でよく使われる。,Verb chunks,動詞＋前置詞・補語を一つの単位として読む。
180,2,X points out Y,XはYを指摘する,The frame “X points out Y” is common in expository and academic prose.,「X points out Y（XはYを指摘する）」は説明文・学術文でよく使われる。,Verb chunks,動詞＋前置詞・補語を一つの単位として読む。
181,2,X refers to Y,XはYを指す／参照する,The frame “X refers to Y” is common in expository and academic prose.,「X refers to Y（XはYを指す／参照する）」は説明文・学術文でよく使われる。,Verb chunks,動詞＋前置詞・補語を一つの単位として読む。
182,2,X relates to Y,XはYに関係する,The frame “X relates to Y” is common in expository and academic prose.,「X relates to Y（XはYに関係する）」は説明文・学術文でよく使われる。,Verb chunks,動詞＋前置詞・補語を一つの単位として読む。
183,2,X relies on Y,XはYに依存する／頼る,The frame “X relies on Y” is common in expository and academic prose.,「X relies on Y（XはYに依存する／頼る）」は説明文・学術文でよく使われる。,Verb chunks,動詞＋前置詞・補語を一つの単位として読む。
184,2,X results from Y,XはYから生じる,The frame “X results from Y” is common in expository and academic prose.,「X results from Y（XはYから生じる）」は説明文・学術文でよく使われる。,Verb chunks,動詞＋前置詞・補語を一つの単位として読む。
185,2,X results in Y,XはYをもたらす,The frame “X results in Y” is common in expository and academic prose.,「X results in Y（XはYをもたらす）」は説明文・学術文でよく使われる。,Verb chunks,動詞＋前置詞・補語を一つの単位として読む。
186,2,X rules out Y,XはYを排除する,The frame “X rules out Y” is common in expository and academic prose.,「X rules out Y（XはYを排除する）」は説明文・学術文でよく使われる。,Verb chunks,動詞＋前置詞・補語を一つの単位として読む。
187,2,X stems from Y,XはYに由来する,The frame “X stems from Y” is common in expository and academic prose.,「X stems from Y（XはYに由来する）」は説明文・学術文でよく使われる。,Verb chunks,動詞＋前置詞・補語を一つの単位として読む。
188,2,X takes Y into account,XはYを考慮に入れる,The frame “X takes Y into account” is common in expository and academic prose.,「X takes Y into account（XはYを考慮に入れる）」は説明文・学術文でよく使われる。,Verb chunks,動詞＋前置詞・補語を一つの単位として読む。
189,2,X turns to Y,XはYに話題を移す,The frame “X turns to Y” is common in expository and academic prose.,「X turns to Y（XはYに話題を移す）」は説明文・学術文でよく使われる。,Verb chunks,動詞＋前置詞・補語を一つの単位として読む。
190,2,X works out Y,XはYを解明する,The frame “X works out Y” is common in expository and academic prose.,「X works out Y（XはYを解明する）」は説明文・学術文でよく使われる。,Verb chunks,動詞＋前置詞・補語を一つの単位として読む。
191,2,X sets out Y,XはYを提示する,The frame “X sets out Y” is common in expository and academic prose.,「X sets out Y（XはYを提示する）」は説明文・学術文でよく使われる。,Verb chunks,動詞＋前置詞・補語を一つの単位として読む。
192,2,X sets aside Y,XはYを脇に置く,The frame “X sets aside Y” is common in expository and academic prose.,「X sets aside Y（XはYを脇に置く）」は説明文・学術文でよく使われる。,Verb chunks,動詞＋前置詞・補語を一つの単位として読む。
193,2,X takes up Y,XはYを取り上げる,The frame “X takes up Y” is common in expository and academic prose.,「X takes up Y（XはYを取り上げる）」は説明文・学術文でよく使われる。,Verb chunks,動詞＋前置詞・補語を一つの単位として読む。
194,2,X puts forward Y,XはYを提案／提示する,The frame “X puts forward Y” is common in expository and academic prose.,「X puts forward Y（XはYを提案／提示する）」は説明文・学術文でよく使われる。,Verb chunks,動詞＋前置詞・補語を一つの単位として読む。
195,2,X spells out Y,XはYを明確に説明する,The frame “X spells out Y” is common in expository and academic prose.,「X spells out Y（XはYを明確に説明する）」は説明文・学術文でよく使われる。,Verb chunks,動詞＋前置詞・補語を一つの単位として読む。
196,2,X makes Y clear,XはYを明らかにする,The frame “X makes Y clear” is common in expository and academic prose.,「X makes Y clear（XはYを明らかにする）」は説明文・学術文でよく使われる。,Verb chunks,動詞＋前置詞・補語を一つの単位として読む。
197,2,X shows that S,XはSであることを示す,The frame “X shows that S” is common in expository and academic prose.,「X shows that S（XはSであることを示す）」は説明文・学術文でよく使われる。,Verb chunks,動詞＋前置詞・補語を一つの単位として読む。
198,2,X suggests that S,XはSを示唆する,The frame “X suggests that S” is common in expository and academic prose.,「X suggests that S（XはSを示唆する）」は説明文・学術文でよく使われる。,Verb chunks,動詞＋前置詞・補語を一つの単位として読む。
199,2,X indicates that S,XはSを示す,The frame “X indicates that S” is common in expository and academic prose.,「X indicates that S（XはSを示す）」は説明文・学術文でよく使われる。,Verb chunks,動詞＋前置詞・補語を一つの単位として読む。
200,2,X means that S,XはSを意味する,The frame “X means that S” is common in expository and academic prose.,「X means that S（XはSを意味する）」は説明文・学術文でよく使われる。,Verb chunks,動詞＋前置詞・補語を一つの単位として読む。
201,2,X implies that S,XはSを含意する,The frame “X implies that S” is common in expository and academic prose.,「X implies that S（XはSを含意する）」は説明文・学術文でよく使われる。,Verb chunks,動詞＋前置詞・補語を一つの単位として読む。
202,2,X argues that S,XはSと論じる,The frame “X argues that S” is common in expository and academic prose.,「X argues that S（XはSと論じる）」は説明文・学術文でよく使われる。,Verb chunks,動詞＋前置詞・補語を一つの単位として読む。
203,2,X claims that S,XはSと主張する,The frame “X claims that S” is common in expository and academic prose.,「X claims that S（XはSと主張する）」は説明文・学術文でよく使われる。,Verb chunks,動詞＋前置詞・補語を一つの単位として読む。
204,2,X holds that S,XはSという立場を取る,The frame “X holds that S” is common in expository and academic prose.,「X holds that S（XはSという立場を取る）」は説明文・学術文でよく使われる。,Verb chunks,動詞＋前置詞・補語を一つの単位として読む。
205,2,X maintains that S,XはSと主張する,The frame “X maintains that S” is common in expository and academic prose.,「X maintains that S（XはSと主張する）」は説明文・学術文でよく使われる。,Verb chunks,動詞＋前置詞・補語を一つの単位として読む。
206,2,X assumes that S,XはSと仮定する,The frame “X assumes that S” is common in expository and academic prose.,「X assumes that S（XはSと仮定する）」は説明文・学術文でよく使われる。,Verb chunks,動詞＋前置詞・補語を一つの単位として読む。
207,2,X supposes that S,XはSと仮定する,The frame “X supposes that S” is common in expository and academic prose.,「X supposes that S（XはSと仮定する）」は説明文・学術文でよく使われる。,Verb chunks,動詞＋前置詞・補語を一つの単位として読む。
208,2,X accepts that S,XはSを認める,The frame “X accepts that S” is common in expository and academic prose.,「X accepts that S（XはSを認める）」は説明文・学術文でよく使われる。,Verb chunks,動詞＋前置詞・補語を一つの単位として読む。
209,2,X denies that S,XはSを否定する,The frame “X denies that S” is common in expository and academic prose.,「X denies that S（XはSを否定する）」は説明文・学術文でよく使われる。,Verb chunks,動詞＋前置詞・補語を一つの単位として読む。
210,2,X recognizes that S,XはSを認識／承認する,The frame “X recognizes that S” is common in expository and academic prose.,「X recognizes that S（XはSを認識／承認する）」は説明文・学術文でよく使われる。,Verb chunks,動詞＋前置詞・補語を一つの単位として読む。
211,2,X acknowledges that S,XはSを認める,The frame “X acknowledges that S” is common in expository and academic prose.,「X acknowledges that S（XはSを認める）」は説明文・学術文でよく使われる。,Verb chunks,動詞＋前置詞・補語を一つの単位として読む。
212,2,X emphasizes that S,XはSを強調する,The frame “X emphasizes that S” is common in expository and academic prose.,「X emphasizes that S（XはSを強調する）」は説明文・学術文でよく使われる。,Verb chunks,動詞＋前置詞・補語を一つの単位として読む。
213,2,X notes that S,XはSと指摘する,The frame “X notes that S” is common in expository and academic prose.,「X notes that S（XはSと指摘する）」は説明文・学術文でよく使われる。,Verb chunks,動詞＋前置詞・補語を一つの単位として読む。
214,2,X observes that S,XはSと指摘する,The frame “X observes that S” is common in expository and academic prose.,「X observes that S（XはSと指摘する）」は説明文・学術文でよく使われる。,Verb chunks,動詞＋前置詞・補語を一つの単位として読む。
215,2,X explains that S,XはSと説明する,The frame “X explains that S” is common in expository and academic prose.,「X explains that S（XはSと説明する）」は説明文・学術文でよく使われる。,Verb chunks,動詞＋前置詞・補語を一つの単位として読む。
216,2,X proposes that S,XはSを提案する,The frame “X proposes that S” is common in expository and academic prose.,「X proposes that S（XはSを提案する）」は説明文・学術文でよく使われる。,Verb chunks,動詞＋前置詞・補語を一つの単位として読む。
217,2,X requires that S,XはSを必要とする,The frame “X requires that S” is common in expository and academic prose.,「X requires that S（XはSを必要とする）」は説明文・学術文でよく使われる。,Verb chunks,動詞＋前置詞・補語を一つの単位として読む。
218,2,X allows for Y,XはYを考慮／許容する,The frame “X allows for Y” is common in expository and academic prose.,「X allows for Y（XはYを考慮／許容する）」は説明文・学術文でよく使われる。,Verb chunks,動詞＋前置詞・補語を一つの単位として読む。
219,2,X responds to Y,XはYに応答する,The frame “X responds to Y” is common in expository and academic prose.,「X responds to Y（XはYに応答する）」は説明文・学術文でよく使われる。,Verb chunks,動詞＋前置詞・補語を一つの単位として読む。
220,2,X appeals to Y,XはYに訴える,The frame “X appeals to Y” is common in expository and academic prose.,「X appeals to Y（XはYに訴える）」は説明文・学術文でよく使われる。,Verb chunks,動詞＋前置詞・補語を一つの単位として読む。
221,2,X returns to Y,XはYに戻る,The frame “X returns to Y” is common in expository and academic prose.,「X returns to Y（XはYに戻る）」は説明文・学術文でよく使われる。,Verb chunks,動詞＋前置詞・補語を一つの単位として読む。
222,2,X moves on to Y,XはYへ進む,The frame “X moves on to Y” is common in expository and academic prose.,「X moves on to Y（XはYへ進む）」は説明文・学術文でよく使われる。,Verb chunks,動詞＋前置詞・補語を一つの単位として読む。
223,2,X begins with Y,XはYから始める,The frame “X begins with Y” is common in expository and academic prose.,「X begins with Y（XはYから始める）」は説明文・学術文でよく使われる。,Verb chunks,動詞＋前置詞・補語を一つの単位として読む。
224,2,X ends with Y,XはYで終える,The frame “X ends with Y” is common in expository and academic prose.,「X ends with Y（XはYで終える）」は説明文・学術文でよく使われる。,Verb chunks,動詞＋前置詞・補語を一つの単位として読む。
225,2,X extends to Y,XはYに拡張する,The frame “X extends to Y” is common in expository and academic prose.,「X extends to Y（XはYに拡張する）」は説明文・学術文でよく使われる。,Verb chunks,動詞＋前置詞・補語を一つの単位として読む。
226,2,X is limited to Y,XはYに限定される,The frame “X is limited to Y” is common in expository and academic prose.,「X is limited to Y（XはYに限定される）」は説明文・学術文でよく使われる。,Verb chunks,動詞＋前置詞・補語を一つの単位として読む。
227,2,X includes Y,XはYを含む,The frame “X includes Y” is common in expository and academic prose.,「X includes Y（XはYを含む）」は説明文・学術文でよく使われる。,Verb chunks,動詞＋前置詞・補語を一つの単位として読む。
228,2,X excludes Y,XはYを除外する,The frame “X excludes Y” is common in expository and academic prose.,「X excludes Y（XはYを除外する）」は説明文・学術文でよく使われる。,Verb chunks,動詞＋前置詞・補語を一つの単位として読む。
229,2,X adds Y to Z,XはYをZに加える,The frame “X adds Y to Z” is common in expository and academic prose.,「X adds Y to Z（XはYをZに加える）」は説明文・学術文でよく使われる。,Verb chunks,動詞＋前置詞・補語を一つの単位として読む。
230,2,X removes Y from Z,XはYをZから除く,The frame “X removes Y from Z” is common in expository and academic prose.,「X removes Y from Z（XはYをZから除く）」は説明文・学術文でよく使われる。,Verb chunks,動詞＋前置詞・補語を一つの単位として読む。
231,2,X infers Y from Z,XはZからYを推論する,The frame “X infers Y from Z” is common in expository and academic prose.,「X infers Y from Z（XはZからYを推論する）」は説明文・学術文でよく使われる。,Verb chunks,動詞＋前置詞・補語を一つの単位として読む。
232,2,X generalizes from Y,XはYから一般化する,The frame “X generalizes from Y” is common in expository and academic prose.,「X generalizes from Y（XはYから一般化する）」は説明文・学術文でよく使われる。,Verb chunks,動詞＋前置詞・補語を一つの単位として読む。
233,2,X abstracts from Y,XはYから捨象する,The frame “X abstracts from Y” is common in expository and academic prose.,「X abstracts from Y（XはYから捨象する）」は説明文・学術文でよく使われる。,Verb chunks,動詞＋前置詞・補語を一つの単位として読む。
234,2,X draws attention to Y,XはYに注意を向ける,The frame “X draws attention to Y” is common in expository and academic prose.,「X draws attention to Y（XはYに注意を向ける）」は説明文・学術文でよく使われる。,Verb chunks,動詞＋前置詞・補語を一つの単位として読む。
235,2,X pays attention to Y,XはYに注意を払う,The frame “X pays attention to Y” is common in expository and academic prose.,「X pays attention to Y（XはYに注意を払う）」は説明文・学術文でよく使われる。,Verb chunks,動詞＋前置詞・補語を一つの単位として読む。
236,2,X places emphasis on Y,XはYを強調する,The frame “X places emphasis on Y” is common in expository and academic prose.,「X places emphasis on Y（XはYを強調する）」は説明文・学術文でよく使われる。,Verb chunks,動詞＋前置詞・補語を一つの単位として読む。
237,2,X places weight on Y,XはYを重視する,The frame “X places weight on Y” is common in expository and academic prose.,「X places weight on Y（XはYを重視する）」は説明文・学術文でよく使われる。,Verb chunks,動詞＋前置詞・補語を一つの単位として読む。
238,2,X attributes Y to Z,XはYをZに帰属させる,The frame “X attributes Y to Z” is common in expository and academic prose.,「X attributes Y to Z（XはYをZに帰属させる）」は説明文・学術文でよく使われる。,Verb chunks,動詞＋前置詞・補語を一つの単位として読む。
239,2,X ascribes Y to Z,XはYをZに帰属させる,The frame “X ascribes Y to Z” is common in expository and academic prose.,「X ascribes Y to Z（XはYをZに帰属させる）」は説明文・学術文でよく使われる。,Verb chunks,動詞＋前置詞・補語を一つの単位として読む。
240,2,X treats Y as Z,XはYをZとして扱う,The frame “X treats Y as Z” is common in expository and academic prose.,「X treats Y as Z（XはYをZとして扱う）」は説明文・学術文でよく使われる。,Verb chunks,動詞＋前置詞・補語を一つの単位として読む。
241,2,X regards Y as Z,XはYをZとみなす,The frame “X regards Y as Z” is common in expository and academic prose.,「X regards Y as Z（XはYをZとみなす）」は説明文・学術文でよく使われる。,Verb chunks,動詞＋前置詞・補語を一つの単位として読む。
242,2,X defines Y as Z,XはYをZと定義する,The frame “X defines Y as Z” is common in expository and academic prose.,「X defines Y as Z（XはYをZと定義する）」は説明文・学術文でよく使われる。,Verb chunks,動詞＋前置詞・補語を一つの単位として読む。
243,2,X describes Y as Z,XはYをZと記述する,The frame “X describes Y as Z” is common in expository and academic prose.,「X describes Y as Z（XはYをZと記述する）」は説明文・学術文でよく使われる。,Verb chunks,動詞＋前置詞・補語を一つの単位として読む。
244,2,X interprets Y as Z,XはYをZと解釈する,The frame “X interprets Y as Z” is common in expository and academic prose.,「X interprets Y as Z（XはYをZと解釈する）」は説明文・学術文でよく使われる。,Verb chunks,動詞＋前置詞・補語を一つの単位として読む。
245,2,X understands Y as Z,XはYをZとして理解する,The frame “X understands Y as Z” is common in expository and academic prose.,「X understands Y as Z（XはYをZとして理解する）」は説明文・学術文でよく使われる。,Verb chunks,動詞＋前置詞・補語を一つの単位として読む。
246,2,X presents Y as Z,XはYをZとして提示する,The frame “X presents Y as Z” is common in expository and academic prose.,「X presents Y as Z（XはYをZとして提示する）」は説明文・学術文でよく使われる。,Verb chunks,動詞＋前置詞・補語を一つの単位として読む。
247,2,X identifies Y as Z,XはYをZと特定する,The frame “X identifies Y as Z” is common in expository and academic prose.,「X identifies Y as Z（XはYをZと特定する）」は説明文・学術文でよく使われる。,Verb chunks,動詞＋前置詞・補語を一つの単位として読む。
248,2,X classifies Y as Z,XはYをZに分類する,The frame “X classifies Y as Z” is common in expository and academic prose.,「X classifies Y as Z（XはYをZに分類する）」は説明文・学術文でよく使われる。,Verb chunks,動詞＋前置詞・補語を一つの単位として読む。
249,2,X associates Y with Z,XはYをZと結びつける,The frame “X associates Y with Z” is common in expository and academic prose.,「X associates Y with Z（XはYをZと結びつける）」は説明文・学術文でよく使われる。,Verb chunks,動詞＋前置詞・補語を一つの単位として読む。
250,2,X connects Y with Z,XはYをZと結びつける,The frame “X connects Y with Z” is common in expository and academic prose.,「X connects Y with Z（XはYをZと結びつける）」は説明文・学術文でよく使われる。,Verb chunks,動詞＋前置詞・補語を一つの単位として読む。
251,2,X links Y to Z,XはYをZと結びつける,The frame “X links Y to Z” is common in expository and academic prose.,「X links Y to Z（XはYをZと結びつける）」は説明文・学術文でよく使われる。,Verb chunks,動詞＋前置詞・補語を一つの単位として読む。
252,2,X separates Y from Z,XはYをZから分ける,The frame “X separates Y from Z” is common in expository and academic prose.,「X separates Y from Z（XはYをZから分ける）」は説明文・学術文でよく使われる。,Verb chunks,動詞＋前置詞・補語を一つの単位として読む。
253,2,X replaces Y with Z,XはYをZで置き換える,The frame “X replaces Y with Z” is common in expository and academic prose.,「X replaces Y with Z（XはYをZで置き換える）」は説明文・学術文でよく使われる。,Verb chunks,動詞＋前置詞・補語を一つの単位として読む。
254,2,X combines Y with Z,XはYとZを組み合わせる,The frame “X combines Y with Z” is common in expository and academic prose.,「X combines Y with Z（XはYとZを組み合わせる）」は説明文・学術文でよく使われる。,Verb chunks,動詞＋前置詞・補語を一つの単位として読む。
255,2,X divides Y into Z,XはYをZに分ける,The frame “X divides Y into Z” is common in expository and academic prose.,「X divides Y into Z（XはYをZに分ける）」は説明文・学術文でよく使われる。,Verb chunks,動詞＋前置詞・補語を一つの単位として読む。
256,2,X bases Y on Z,XはYをZに基づかせる,The frame “X bases Y on Z” is common in expository and academic prose.,「X bases Y on Z（XはYをZに基づかせる）」は説明文・学術文でよく使われる。,Verb chunks,動詞＋前置詞・補語を一つの単位として読む。
257,2,X supports Y with Z,XはZによってYを裏づける,The frame “X supports Y with Z” is common in expository and academic prose.,「X supports Y with Z（XはZによってYを裏づける）」は説明文・学術文でよく使われる。,Verb chunks,動詞＋前置詞・補語を一つの単位として読む。
258,2,X justifies Y by Z,XはZによってYを正当化する,The frame “X justifies Y by Z” is common in expository and academic prose.,「X justifies Y by Z（XはZによってYを正当化する）」は説明文・学術文でよく使われる。,Verb chunks,動詞＋前置詞・補語を一つの単位として読む。
259,2,X explains Y in terms of Z,XはYをZによって説明する,The frame “X explains Y in terms of Z” is common in expository and academic prose.,「X explains Y in terms of Z（XはYをZによって説明する）」は説明文・学術文でよく使われる。,Verb chunks,動詞＋前置詞・補語を一つの単位として読む。
260,2,X reduces Y to Z,XはYをZに還元する,The frame “X reduces Y to Z” is common in expository and academic prose.,「X reduces Y to Z（XはYをZに還元する）」は説明文・学術文でよく使われる。,Verb chunks,動詞＋前置詞・補語を一つの単位として読む。
261,2,X transforms Y into Z,XはYをZへ変える,The frame “X transforms Y into Z” is common in expository and academic prose.,「X transforms Y into Z（XはYをZへ変える）」は説明文・学術文でよく使われる。,Verb chunks,動詞＋前置詞・補語を一つの単位として読む。
262,2,X views Y from Z,XはZの観点からYを見る,The frame “X views Y from Z” is common in expository and academic prose.,「X views Y from Z（XはZの観点からYを見る）」は説明文・学術文でよく使われる。,Verb chunks,動詞＋前置詞・補語を一つの単位として読む。
263,2,X prevents Y from Z,XはYがZするのを妨げる,The frame “X prevents Y from Z” is common in expository and academic prose.,「X prevents Y from Z（XはYがZするのを妨げる）」は説明文・学術文でよく使われる。,Verb chunks,動詞＋前置詞・補語を一つの単位として読む。
264,2,X enables Y to Z,XはYがZできるようにする,The frame “X enables Y to Z” is common in expository and academic prose.,「X enables Y to Z（XはYがZできるようにする）」は説明文・学術文でよく使われる。,Verb chunks,動詞＋前置詞・補語を一つの単位として読む。
265,2,X encourages Y to Z,XはYにZするよう促す,The frame “X encourages Y to Z” is common in expository and academic prose.,「X encourages Y to Z（XはYにZするよう促す）」は説明文・学術文でよく使われる。,Verb chunks,動詞＋前置詞・補語を一つの単位として読む。
266,2,X permits Y to Z,XはYがZすることを可能にする,The frame “X permits Y to Z” is common in expository and academic prose.,「X permits Y to Z（XはYがZすることを可能にする）」は説明文・学術文でよく使われる。,Verb chunks,動詞＋前置詞・補語を一つの単位として読む。
267,2,X distinguishes Y from Z,XはYをZから区別する,The frame “X distinguishes Y from Z” is common in expository and academic prose.,「X distinguishes Y from Z（XはYをZから区別する）」は説明文・学術文でよく使われる。,Verb chunks,動詞＋前置詞・補語を一つの単位として読む。
268,2,X compares Y with Z,XはYとZを比較する,The frame “X compares Y with Z” is common in expository and academic prose.,「X compares Y with Z（XはYとZを比較する）」は説明文・学術文でよく使われる。,Verb chunks,動詞＋前置詞・補語を一つの単位として読む。
269,2,X contrasts Y with Z,XはYとZを対比する,The frame “X contrasts Y with Z” is common in expository and academic prose.,「X contrasts Y with Z（XはYとZを対比する）」は説明文・学術文でよく使われる。,Verb chunks,動詞＋前置詞・補語を一つの単位として読む。
270,2,X frames Y as Z,XはYをZとして枠づける,The frame “X frames Y as Z” is common in expository and academic prose.,「X frames Y as Z（XはYをZとして枠づける）」は説明文・学術文でよく使われる。,Verb chunks,動詞＋前置詞・補語を一つの単位として読む。
271,2,X formulates Y as Z,XはYをZとして定式化する,The frame “X formulates Y as Z” is common in expository and academic prose.,「X formulates Y as Z（XはYをZとして定式化する）」は説明文・学術文でよく使われる。,Verb chunks,動詞＋前置詞・補語を一つの単位として読む。
272,2,X represents Y as Z,XはYをZとして表象する,The frame “X represents Y as Z” is common in expository and academic prose.,「X represents Y as Z（XはYをZとして表象する）」は説明文・学術文でよく使われる。,Verb chunks,動詞＋前置詞・補語を一つの単位として読む。
273,2,X characterizes Y as Z,XはYをZとして特徴づける,The frame “X characterizes Y as Z” is common in expository and academic prose.,「X characterizes Y as Z（XはYをZとして特徴づける）」は説明文・学術文でよく使われる。,Verb chunks,動詞＋前置詞・補語を一つの単位として読む。
274,2,X conceives of Y as Z,XはYをZと捉える,The frame “X conceives of Y as Z” is common in expository and academic prose.,「X conceives of Y as Z（XはYをZと捉える）」は説明文・学術文でよく使われる。,Verb chunks,動詞＋前置詞・補語を一つの単位として読む。
275,2,X evaluates Y in terms of Z,XはYをZによって評価する,The frame “X evaluates Y in terms of Z” is common in expository and academic prose.,「X evaluates Y in terms of Z（XはYをZによって評価する）」は説明文・学術文でよく使われる。,Verb chunks,動詞＋前置詞・補語を一つの単位として読む。
276,2,X assesses Y against Z,XはYをZに照らして評価する,The frame “X assesses Y against Z” is common in expository and academic prose.,「X assesses Y against Z（XはYをZに照らして評価する）」は説明文・学術文でよく使われる。,Verb chunks,動詞＋前置詞・補語を一つの単位として読む。
277,2,X judges Y by Z,XはYをZによって判断する,The frame “X judges Y by Z” is common in expository and academic prose.,「X judges Y by Z（XはYをZによって判断する）」は説明文・学術文でよく使われる。,Verb chunks,動詞＋前置詞・補語を一つの単位として読む。
278,2,X is exposed to Y,XはYにさらされる,The frame “X is exposed to Y” is common in expository and academic prose.,「X is exposed to Y（XはYにさらされる）」は説明文・学術文でよく使われる。,Verb chunks,動詞＋前置詞・補語を一つの単位として読む。
279,2,X is protected from Y,XはYから守られる,The frame “X is protected from Y” is common in expository and academic prose.,「X is protected from Y（XはYから守られる）」は説明文・学術文でよく使われる。,Verb chunks,動詞＋前置詞・補語を一つの単位として読む。
280,2,X is responsible for Y,XはYに責任がある／Yの原因である,The frame “X is responsible for Y” is common in expository and academic prose.,「X is responsible for Y（XはYに責任がある／Yの原因である）」は説明文・学術文でよく使われる。,Verb chunks,動詞＋前置詞・補語を一つの単位として読む。
281,2,X is sensitive to Y,XはYに敏感である,The frame “X is sensitive to Y” is common in expository and academic prose.,「X is sensitive to Y（XはYに敏感である）」は説明文・学術文でよく使われる。,Verb chunks,動詞＋前置詞・補語を一つの単位として読む。
282,2,X is vulnerable to Y,XはYの影響を受けやすい,The frame “X is vulnerable to Y” is common in expository and academic prose.,「X is vulnerable to Y（XはYの影響を受けやすい）」は説明文・学術文でよく使われる。,Verb chunks,動詞＋前置詞・補語を一つの単位として読む。
283,2,X is resistant to Y,XはYに抵抗性がある,The frame “X is resistant to Y” is common in expository and academic prose.,「X is resistant to Y（XはYに抵抗性がある）」は説明文・学術文でよく使われる。,Verb chunks,動詞＋前置詞・補語を一つの単位として読む。
284,2,X is responsive to Y,XはYに応答的である,The frame “X is responsive to Y” is common in expository and academic prose.,「X is responsive to Y（XはYに応答的である）」は説明文・学術文でよく使われる。,Verb chunks,動詞＋前置詞・補語を一つの単位として読む。
285,2,X is accessible to Y,XはYに利用可能である,The frame “X is accessible to Y” is common in expository and academic prose.,「X is accessible to Y（XはYに利用可能である）」は説明文・学術文でよく使われる。,Verb chunks,動詞＋前置詞・補語を一つの単位として読む。
286,2,X is available to Y,XはYに利用可能である,The frame “X is available to Y” is common in expository and academic prose.,「X is available to Y（XはYに利用可能である）」は説明文・学術文でよく使われる。,Verb chunks,動詞＋前置詞・補語を一つの単位として読む。
287,2,X is common to Y,XはYに共通する,The frame “X is common to Y” is common in expository and academic prose.,「X is common to Y（XはYに共通する）」は説明文・学術文でよく使われる。,Verb chunks,動詞＋前置詞・補語を一つの単位として読む。
288,2,X is specific to Y,XはYに固有である,The frame “X is specific to Y” is common in expository and academic prose.,「X is specific to Y（XはYに固有である）」は説明文・学術文でよく使われる。,Verb chunks,動詞＋前置詞・補語を一つの単位として読む。
289,2,X is central to Y,XはYの中心である,The frame “X is central to Y” is common in expository and academic prose.,「X is central to Y（XはYの中心である）」は説明文・学術文でよく使われる。,Verb chunks,動詞＋前置詞・補語を一つの単位として読む。
290,2,X proceeds from Y,XはYから進む,The expression “X proceeds from Y” is useful for reading this level of academic argument.,「X proceeds from Y（XはYから進む）」はこの難易度帯の学術的議論を読むうえで有用である。,Verb chunks,読解時に一つの意味単位として認識する。
291,2,X starts from Y,XはYから出発する,The expression “X starts from Y” is useful for reading this level of academic argument.,「X starts from Y（XはYから出発する）」はこの難易度帯の学術的議論を読むうえで有用である。,Verb chunks,読解時に一つの意味単位として認識する。
292,2,X shifts from Y to Z,XはYからZへ移行する,The expression “X shifts from Y to Z” is useful for reading this level of academic argument.,「X shifts from Y to Z（XはYからZへ移行する）」はこの難易度帯の学術的議論を読むうえで有用である。,Verb chunks,読解時に一つの意味単位として認識する。
293,2,X restricts Y to Z,XはYをZに制限する,The expression “X restricts Y to Z” is useful for reading this level of academic argument.,「X restricts Y to Z（XはYをZに制限する）」はこの難易度帯の学術的議論を読むうえで有用である。,Verb chunks,読解時に一つの意味単位として認識する。
294,2,X includes Y in Z,XはYをZに含める,The expression “X includes Y in Z” is useful for reading this level of academic argument.,「X includes Y in Z（XはYをZに含める）」はこの難易度帯の学術的議論を読むうえで有用である。,Verb chunks,読解時に一つの意味単位として認識する。
295,2,X derives Y from Z,XはZからYを導く,The expression “X derives Y from Z” is useful for reading this level of academic argument.,「X derives Y from Z（XはZからYを導く）」はこの難易度帯の学術的議論を読むうえで有用である。,Verb chunks,読解時に一つの意味単位として認識する。
296,2,X concludes Y from Z,XはZからYを結論づける,The expression “X concludes Y from Z” is useful for reading this level of academic argument.,「X concludes Y from Z（XはZからYを結論づける）」はこの難易度帯の学術的議論を読むうえで有用である。,Verb chunks,読解時に一つの意味単位として認識する。
297,2,X gives attention to Y,XはYに注意を向ける,The expression “X gives attention to Y” is useful for reading this level of academic argument.,「X gives attention to Y（XはYに注意を向ける）」はこの難易度帯の学術的議論を読むうえで有用である。,Verb chunks,読解時に一つの意味単位として認識する。
298,2,X assigns Y to Z,XはYをZに割り当てる,The expression “X assigns Y to Z” is useful for reading this level of academic argument.,「X assigns Y to Z（XはYをZに割り当てる）」はこの難易度帯の学術的議論を読むうえで有用である。,Verb chunks,読解時に一つの意味単位として認識する。
299,2,X approaches Y through Z,XはZを通じてYに取り組む,The expression “X approaches Y through Z” is useful for reading this level of academic argument.,「X approaches Y through Z（XはZを通じてYに取り組む）」はこの難易度帯の学術的議論を読むうえで有用である。,Verb chunks,読解時に一つの意味単位として認識する。
300,2,X measures Y against Z,XはYをZに照らして測る,The expression “X measures Y against Z” is useful for reading this level of academic argument.,「X measures Y against Z（XはYをZに照らして測る）」はこの難易度帯の学術的議論を読むうえで有用である。,Verb chunks,読解時に一つの意味単位として認識する。
301,3,be able to,〜できる,The frame “be able to” is common in academic reading.,「be able to（〜できる）」は学術英文で頻出する構文フレームである。,Grammar frames,構文を語ごとではなくフレームとして認識する。
302,3,be unable to,〜できない,The frame “be unable to” is common in academic reading.,「be unable to（〜できない）」は学術英文で頻出する構文フレームである。,Grammar frames,構文を語ごとではなくフレームとして認識する。
303,3,be likely to,〜する可能性が高い,The frame “be likely to” is common in academic reading.,「be likely to（〜する可能性が高い）」は学術英文で頻出する構文フレームである。,Grammar frames,構文を語ごとではなくフレームとして認識する。
304,3,be unlikely to,〜する可能性が低い,The frame “be unlikely to” is common in academic reading.,「be unlikely to（〜する可能性が低い）」は学術英文で頻出する構文フレームである。,Grammar frames,構文を語ごとではなくフレームとして認識する。
305,3,be expected to,〜すると予想される,The frame “be expected to” is common in academic reading.,「be expected to（〜すると予想される）」は学術英文で頻出する構文フレームである。,Grammar frames,構文を語ごとではなくフレームとして認識する。
306,3,be supposed to,〜することになっている／〜と想定される,The frame “be supposed to” is common in academic reading.,「be supposed to（〜することになっている／〜と想定される）」は学術英文で頻出する構文フレームである。,Grammar frames,構文を語ごとではなくフレームとして認識する。
307,3,be required to,〜することを求められる,The frame “be required to” is common in academic reading.,「be required to（〜することを求められる）」は学術英文で頻出する構文フレームである。,Grammar frames,構文を語ごとではなくフレームとして認識する。
308,3,be allowed to,〜することを許される,The frame “be allowed to” is common in academic reading.,「be allowed to（〜することを許される）」は学術英文で頻出する構文フレームである。,Grammar frames,構文を語ごとではなくフレームとして認識する。
309,3,be said to,〜すると言われる,The frame “be said to” is common in academic reading.,「be said to（〜すると言われる）」は学術英文で頻出する構文フレームである。,Grammar frames,構文を語ごとではなくフレームとして認識する。
310,3,be thought to,〜と考えられている,The frame “be thought to” is common in academic reading.,「be thought to（〜と考えられている）」は学術英文で頻出する構文フレームである。,Grammar frames,構文を語ごとではなくフレームとして認識する。
311,3,be believed to,〜と信じられている,The frame “be believed to” is common in academic reading.,「be believed to（〜と信じられている）」は学術英文で頻出する構文フレームである。,Grammar frames,構文を語ごとではなくフレームとして認識する。
312,3,be known to,〜することが知られている,The frame “be known to” is common in academic reading.,「be known to（〜することが知られている）」は学術英文で頻出する構文フレームである。,Grammar frames,構文を語ごとではなくフレームとして認識する。
313,3,be found to,〜であることが判明する,The frame “be found to” is common in academic reading.,「be found to（〜であることが判明する）」は学術英文で頻出する構文フレームである。,Grammar frames,構文を語ごとではなくフレームとして認識する。
314,3,be shown to,〜であることが示される,The frame “be shown to” is common in academic reading.,「be shown to（〜であることが示される）」は学術英文で頻出する構文フレームである。,Grammar frames,構文を語ごとではなくフレームとして認識する。
315,3,be seen to,〜であることが分かる,The frame “be seen to” is common in academic reading.,「be seen to（〜であることが分かる）」は学術英文で頻出する構文フレームである。,Grammar frames,構文を語ごとではなくフレームとして認識する。
316,3,be taken to,〜と理解される／みなされる,The frame “be taken to” is common in academic reading.,「be taken to（〜と理解される／みなされる）」は学術英文で頻出する構文フレームである。,Grammar frames,構文を語ごとではなくフレームとして認識する。
317,3,be meant to,〜することを意図される,The frame “be meant to” is common in academic reading.,「be meant to（〜することを意図される）」は学術英文で頻出する構文フレームである。,Grammar frames,構文を語ごとではなくフレームとして認識する。
318,3,be used to,〜するために用いられる,The frame “be used to” is common in academic reading.,「be used to（〜するために用いられる）」は学術英文で頻出する構文フレームである。,Grammar frames,構文を語ごとではなくフレームとして認識する。
319,3,be designed to,〜するよう設計されている,The frame “be designed to” is common in academic reading.,「be designed to（〜するよう設計されている）」は学術英文で頻出する構文フレームである。,Grammar frames,構文を語ごとではなくフレームとして認識する。
320,3,be intended to,〜することを意図している,The frame “be intended to” is common in academic reading.,「be intended to（〜することを意図している）」は学術英文で頻出する構文フレームである。,Grammar frames,構文を語ごとではなくフレームとして認識する。
321,3,be necessary to,〜することが必要である,The frame “be necessary to” is common in academic reading.,「be necessary to（〜することが必要である）」は学術英文で頻出する構文フレームである。,Grammar frames,構文を語ごとではなくフレームとして認識する。
322,3,be sufficient to,〜するのに十分である,The frame “be sufficient to” is common in academic reading.,「be sufficient to（〜するのに十分である）」は学術英文で頻出する構文フレームである。,Grammar frames,構文を語ごとではなくフレームとして認識する。
323,3,be possible to,〜することが可能である,The frame “be possible to” is common in academic reading.,「be possible to（〜することが可能である）」は学術英文で頻出する構文フレームである。,Grammar frames,構文を語ごとではなくフレームとして認識する。
324,3,be impossible to,〜することが不可能である,The frame “be impossible to” is common in academic reading.,「be impossible to（〜することが不可能である）」は学術英文で頻出する構文フレームである。,Grammar frames,構文を語ごとではなくフレームとして認識する。
325,3,be difficult to,〜するのが難しい,The frame “be difficult to” is common in academic reading.,「be difficult to（〜するのが難しい）」は学術英文で頻出する構文フレームである。,Grammar frames,構文を語ごとではなくフレームとして認識する。
326,3,be easy to,〜するのが容易である,The frame “be easy to” is common in academic reading.,「be easy to（〜するのが容易である）」は学術英文で頻出する構文フレームである。,Grammar frames,構文を語ごとではなくフレームとして認識する。
327,3,be important to,〜することが重要である,The frame “be important to” is common in academic reading.,「be important to（〜することが重要である）」は学術英文で頻出する構文フレームである。,Grammar frames,構文を語ごとではなくフレームとして認識する。
328,3,be useful to,〜するのに有用である,The frame “be useful to” is common in academic reading.,「be useful to（〜するのに有用である）」は学術英文で頻出する構文フレームである。,Grammar frames,構文を語ごとではなくフレームとして認識する。
329,3,be relevant to,〜に関連する,The frame “be relevant to” is common in academic reading.,「be relevant to（〜に関連する）」は学術英文で頻出する構文フレームである。,Grammar frames,構文を語ごとではなくフレームとして認識する。
330,3,be related to,〜に関係する,The frame “be related to” is common in academic reading.,「be related to（〜に関係する）」は学術英文で頻出する構文フレームである。,Grammar frames,構文を語ごとではなくフレームとして認識する。
331,3,be associated with,〜と関連している,The frame “be associated with” is common in academic reading.,「be associated with（〜と関連している）」は学術英文で頻出する構文フレームである。,Grammar frames,構文を語ごとではなくフレームとして認識する。
332,3,be connected with,〜とつながっている,The frame “be connected with” is common in academic reading.,「be connected with（〜とつながっている）」は学術英文で頻出する構文フレームである。,Grammar frames,構文を語ごとではなくフレームとして認識する。
333,3,be based on,〜に基づいている,The frame “be based on” is common in academic reading.,「be based on（〜に基づいている）」は学術英文で頻出する構文フレームである。,Grammar frames,構文を語ごとではなくフレームとして認識する。
334,3,be grounded in,〜に根ざしている／基礎づけられる,The frame “be grounded in” is common in academic reading.,「be grounded in（〜に根ざしている／基礎づけられる）」は学術英文で頻出する構文フレームである。,Grammar frames,構文を語ごとではなくフレームとして認識する。
335,3,be rooted in,〜に根ざしている,The frame “be rooted in” is common in academic reading.,「be rooted in（〜に根ざしている）」は学術英文で頻出する構文フレームである。,Grammar frames,構文を語ごとではなくフレームとして認識する。
336,3,be dependent on,〜に依存している,The frame “be dependent on” is common in academic reading.,「be dependent on（〜に依存している）」は学術英文で頻出する構文フレームである。,Grammar frames,構文を語ごとではなくフレームとして認識する。
337,3,be independent of,〜から独立している,The frame “be independent of” is common in academic reading.,「be independent of（〜から独立している）」は学術英文で頻出する構文フレームである。,Grammar frames,構文を語ごとではなくフレームとして認識する。
338,3,be subject to,〜を受ける／〜に服する,The frame “be subject to” is common in academic reading.,「be subject to（〜を受ける／〜に服する）」は学術英文で頻出する構文フレームである。,Grammar frames,構文を語ごとではなくフレームとして認識する。
339,3,be open to,〜の余地がある／〜に開かれている,The frame “be open to” is common in academic reading.,「be open to（〜の余地がある／〜に開かれている）」は学術英文で頻出する構文フレームである。,Grammar frames,構文を語ごとではなくフレームとして認識する。
340,3,be compatible with,〜と両立する,The frame “be compatible with” is common in academic reading.,「be compatible with（〜と両立する）」は学術英文で頻出する構文フレームである。,Grammar frames,構文を語ごとではなくフレームとして認識する。
341,3,be incompatible with,〜と両立しない,The frame “be incompatible with” is common in academic reading.,「be incompatible with（〜と両立しない）」は学術英文で頻出する構文フレームである。,Grammar frames,構文を語ごとではなくフレームとして認識する。
342,3,be consistent with,〜と整合する,The frame “be consistent with” is common in academic reading.,「be consistent with（〜と整合する）」は学術英文で頻出する構文フレームである。,Grammar frames,構文を語ごとではなくフレームとして認識する。
343,3,be inconsistent with,〜と整合しない,The frame “be inconsistent with” is common in academic reading.,「be inconsistent with（〜と整合しない）」は学術英文で頻出する構文フレームである。,Grammar frames,構文を語ごとではなくフレームとして認識する。
344,3,be similar to,〜に似ている,The frame “be similar to” is common in academic reading.,「be similar to（〜に似ている）」は学術英文で頻出する構文フレームである。,Grammar frames,構文を語ごとではなくフレームとして認識する。
345,3,be different from,〜とは異なる,The frame “be different from” is common in academic reading.,「be different from（〜とは異なる）」は学術英文で頻出する構文フレームである。,Grammar frames,構文を語ごとではなくフレームとして認識する。
346,3,be distinct from,〜とは別個である,The frame “be distinct from” is common in academic reading.,「be distinct from（〜とは別個である）」は学術英文で頻出する構文フレームである。,Grammar frames,構文を語ごとではなくフレームとして認識する。
347,3,be opposed to,〜に反対している／〜と対立する,The frame “be opposed to” is common in academic reading.,「be opposed to（〜に反対している／〜と対立する）」は学術英文で頻出する構文フレームである。,Grammar frames,構文を語ごとではなくフレームとして認識する。
348,3,be concerned with,〜を扱う／〜に関係する,The frame “be concerned with” is common in academic reading.,「be concerned with（〜を扱う／〜に関係する）」は学術英文で頻出する構文フレームである。,Grammar frames,構文を語ごとではなくフレームとして認識する。
349,3,be characterized by,〜によって特徴づけられる,The frame “be characterized by” is common in academic reading.,「be characterized by（〜によって特徴づけられる）」は学術英文で頻出する構文フレームである。,Grammar frames,構文を語ごとではなくフレームとして認識する。
350,3,be composed of,〜から構成される,The frame “be composed of” is common in academic reading.,「be composed of（〜から構成される）」は学術英文で頻出する構文フレームである。,Grammar frames,構文を語ごとではなくフレームとして認識する。
351,3,be prone to,〜しがちである,The frame “be prone to” is common in academic reading.,「be prone to（〜しがちである）」は学術英文で頻出する構文フレームである。,Grammar frames,構文を語ごとではなくフレームとして認識する。
352,3,be liable to,〜しがちである,The frame “be liable to” is common in academic reading.,「be liable to（〜しがちである）」は学術英文で頻出する構文フレームである。,Grammar frames,構文を語ごとではなくフレームとして認識する。
353,3,be inclined to,〜する傾向がある,The frame “be inclined to” is common in academic reading.,「be inclined to（〜する傾向がある）」は学術英文で頻出する構文フレームである。,Grammar frames,構文を語ごとではなくフレームとして認識する。
354,3,tend to,〜する傾向がある,The frame “tend to” is common in academic reading.,「tend to（〜する傾向がある）」は学術英文で頻出する構文フレームである。,Grammar frames,構文を語ごとではなくフレームとして認識する。
355,3,appear to,〜するように見える,The frame “appear to” is common in academic reading.,「appear to（〜するように見える）」は学術英文で頻出する構文フレームである。,Grammar frames,構文を語ごとではなくフレームとして認識する。
356,3,seem to,〜するように見える,The frame “seem to” is common in academic reading.,「seem to（〜するように見える）」は学術英文で頻出する構文フレームである。,Grammar frames,構文を語ごとではなくフレームとして認識する。
357,3,happen to,たまたま〜する,The frame “happen to” is common in academic reading.,「happen to（たまたま〜する）」は学術英文で頻出する構文フレームである。,Grammar frames,構文を語ごとではなくフレームとして認識する。
358,3,turn out to,〜であることが分かる,The frame “turn out to” is common in academic reading.,「turn out to（〜であることが分かる）」は学術英文で頻出する構文フレームである。,Grammar frames,構文を語ごとではなくフレームとして認識する。
359,3,prove to be,〜であることが判明する,The frame “prove to be” is common in academic reading.,「prove to be（〜であることが判明する）」は学術英文で頻出する構文フレームである。,Grammar frames,構文を語ごとではなくフレームとして認識する。
360,3,come to be,〜になる,The frame “come to be” is common in academic reading.,「come to be（〜になる）」は学術英文で頻出する構文フレームである。,Grammar frames,構文を語ごとではなくフレームとして認識する。
361,3,continue to,〜し続ける,The frame “continue to” is common in academic reading.,「continue to（〜し続ける）」は学術英文で頻出する構文フレームである。,Grammar frames,構文を語ごとではなくフレームとして認識する。
362,3,fail to,〜できない／〜しそこなう,The frame “fail to” is common in academic reading.,「fail to（〜できない／〜しそこなう）」は学術英文で頻出する構文フレームである。,Grammar frames,構文を語ごとではなくフレームとして認識する。
363,3,manage to,なんとか〜する,The frame “manage to” is common in academic reading.,「manage to（なんとか〜する）」は学術英文で頻出する構文フレームである。,Grammar frames,構文を語ごとではなくフレームとして認識する。
364,3,seek to,〜しようとする,The frame “seek to” is common in academic reading.,「seek to（〜しようとする）」は学術英文で頻出する構文フレームである。,Grammar frames,構文を語ごとではなくフレームとして認識する。
365,3,attempt to,〜しようと試みる,The frame “attempt to” is common in academic reading.,「attempt to（〜しようと試みる）」は学術英文で頻出する構文フレームである。,Grammar frames,構文を語ごとではなくフレームとして認識する。
366,3,try to,〜しようとする,The frame “try to” is common in academic reading.,「try to（〜しようとする）」は学術英文で頻出する構文フレームである。,Grammar frames,構文を語ごとではなくフレームとして認識する。
367,3,serve to,〜する役割を果たす,The frame “serve to” is common in academic reading.,「serve to（〜する役割を果たす）」は学術英文で頻出する構文フレームである。,Grammar frames,構文を語ごとではなくフレームとして認識する。
368,3,function to,〜する機能を持つ,The frame “function to” is common in academic reading.,「function to（〜する機能を持つ）」は学術英文で頻出する構文フレームである。,Grammar frames,構文を語ごとではなくフレームとして認識する。
369,3,help to,〜する助けとなる,The frame “help to” is common in academic reading.,「help to（〜する助けとなる）」は学術英文で頻出する構文フレームである。,Grammar frames,構文を語ごとではなくフレームとして認識する。
370,3,work to,〜する方向に働く,The frame “work to” is common in academic reading.,「work to（〜する方向に働く）」は学術英文で頻出する構文フレームである。,Grammar frames,構文を語ごとではなくフレームとして認識する。
371,3,be intended as,〜として意図される,The frame “be intended as” is common in academic reading.,「be intended as（〜として意図される）」は学術英文で頻出する構文フレームである。,Grammar frames,構文を語ごとではなくフレームとして認識する。
372,3,be understood as,〜として理解される,The frame “be understood as” is common in academic reading.,「be understood as（〜として理解される）」は学術英文で頻出する構文フレームである。,Grammar frames,構文を語ごとではなくフレームとして認識する。
373,3,be construed as,〜と解釈される,The frame “be construed as” is common in academic reading.,「be construed as（〜と解釈される）」は学術英文で頻出する構文フレームである。,Grammar frames,構文を語ごとではなくフレームとして認識する。
374,3,be conceived as,〜と捉えられる,The frame “be conceived as” is common in academic reading.,「be conceived as（〜と捉えられる）」は学術英文で頻出する構文フレームである。,Grammar frames,構文を語ごとではなくフレームとして認識する。
375,3,be viewed as,〜と見なされる,The frame “be viewed as” is common in academic reading.,「be viewed as（〜と見なされる）」は学術英文で頻出する構文フレームである。,Grammar frames,構文を語ごとではなくフレームとして認識する。
376,3,be seen as,〜と見られる,The frame “be seen as” is common in academic reading.,「be seen as（〜と見られる）」は学術英文で頻出する構文フレームである。,Grammar frames,構文を語ごとではなくフレームとして認識する。
377,3,be recognized as,〜と認識される,The frame “be recognized as” is common in academic reading.,「be recognized as（〜と認識される）」は学術英文で頻出する構文フレームである。,Grammar frames,構文を語ごとではなくフレームとして認識する。
378,3,be identified as,〜と特定される,The frame “be identified as” is common in academic reading.,「be identified as（〜と特定される）」は学術英文で頻出する構文フレームである。,Grammar frames,構文を語ごとではなくフレームとして認識する。
379,3,be classified as,〜に分類される,The frame “be classified as” is common in academic reading.,「be classified as（〜に分類される）」は学術英文で頻出する構文フレームである。,Grammar frames,構文を語ごとではなくフレームとして認識する。
380,3,be described in terms of,〜によって記述される,The frame “be described in terms of” is common in academic reading.,「be described in terms of（〜によって記述される）」は学術英文で頻出する構文フレームである。,Grammar frames,構文を語ごとではなくフレームとして認識する。
381,3,be explained in terms of,〜によって説明される,The frame “be explained in terms of” is common in academic reading.,「be explained in terms of（〜によって説明される）」は学術英文で頻出する構文フレームである。,Grammar frames,構文を語ごとではなくフレームとして認識する。
382,3,be analyzed in terms of,〜によって分析される,The frame “be analyzed in terms of” is common in academic reading.,「be analyzed in terms of（〜によって分析される）」は学術英文で頻出する構文フレームである。,Grammar frames,構文を語ごとではなくフレームとして認識する。
383,3,be evaluated in terms of,〜によって評価される,The frame “be evaluated in terms of” is common in academic reading.,「be evaluated in terms of（〜によって評価される）」は学術英文で頻出する構文フレームである。,Grammar frames,構文を語ごとではなくフレームとして認識する。
384,3,be relevant for,〜にとって関連がある,The frame “be relevant for” is common in academic reading.,「be relevant for（〜にとって関連がある）」は学術英文で頻出する構文フレームである。,Grammar frames,構文を語ごとではなくフレームとして認識する。
385,3,be important for,〜にとって重要である,The frame “be important for” is common in academic reading.,「be important for（〜にとって重要である）」は学術英文で頻出する構文フレームである。,Grammar frames,構文を語ごとではなくフレームとして認識する。
386,3,be useful for,〜に役立つ,The frame “be useful for” is common in academic reading.,「be useful for（〜に役立つ）」は学術英文で頻出する構文フレームである。,Grammar frames,構文を語ごとではなくフレームとして認識する。
387,3,there is a difference between A and B,AとBには違いがある,The frame “there is a difference between A and B” is common in academic reading.,「there is a difference between A and B（AとBには違いがある）」は学術英文で頻出する構文フレームである。,Grammar frames,構文を語ごとではなくフレームとして認識する。
388,3,there is a distinction between A and B,AとBには区別がある,The frame “there is a distinction between A and B” is common in academic reading.,「there is a distinction between A and B（AとBには区別がある）」は学術英文で頻出する構文フレームである。,Grammar frames,構文を語ごとではなくフレームとして認識する。
389,3,there is a relation between A and B,AとBには関係がある,The frame “there is a relation between A and B” is common in academic reading.,「there is a relation between A and B（AとBには関係がある）」は学術英文で頻出する構文フレームである。,Grammar frames,構文を語ごとではなくフレームとして認識する。
390,3,there is a connection between A and B,AとBにはつながりがある,The frame “there is a connection between A and B” is common in academic reading.,「there is a connection between A and B（AとBにはつながりがある）」は学術英文で頻出する構文フレームである。,Grammar frames,構文を語ごとではなくフレームとして認識する。
391,3,there is evidence that S,Sである証拠がある,The frame “there is evidence that S” is common in academic reading.,「there is evidence that S（Sである証拠がある）」は学術英文で頻出する構文フレームである。,Grammar frames,構文を語ごとではなくフレームとして認識する。
392,3,there is reason to think that S,Sと考える理由がある,The frame “there is reason to think that S” is common in academic reading.,「there is reason to think that S（Sと考える理由がある）」は学術英文で頻出する構文フレームである。,Grammar frames,構文を語ごとではなくフレームとして認識する。
393,3,there is no reason to think that S,Sと考える理由はない,The frame “there is no reason to think that S” is common in academic reading.,「there is no reason to think that S（Sと考える理由はない）」は学術英文で頻出する構文フレームである。,Grammar frames,構文を語ごとではなくフレームとして認識する。
394,3,there is a possibility that S,Sである可能性がある,The frame “there is a possibility that S” is common in academic reading.,「there is a possibility that S（Sである可能性がある）」は学術英文で頻出する構文フレームである。,Grammar frames,構文を語ごとではなくフレームとして認識する。
395,3,there is no guarantee that S,Sである保証はない,The frame “there is no guarantee that S” is common in academic reading.,「there is no guarantee that S（Sである保証はない）」は学術英文で頻出する構文フレームである。,Grammar frames,構文を語ごとではなくフレームとして認識する。
396,3,there is little doubt that S,Sであることはほぼ疑いない,The frame “there is little doubt that S” is common in academic reading.,「there is little doubt that S（Sであることはほぼ疑いない）」は学術英文で頻出する構文フレームである。,Grammar frames,構文を語ごとではなくフレームとして認識する。
397,3,there is no doubt that S,Sであることは疑いない,The frame “there is no doubt that S” is common in academic reading.,「there is no doubt that S（Sであることは疑いない）」は学術英文で頻出する構文フレームである。,Grammar frames,構文を語ごとではなくフレームとして認識する。
398,3,there is a sense in which S,ある意味でSである,The frame “there is a sense in which S” is common in academic reading.,「there is a sense in which S（ある意味でSである）」は学術英文で頻出する構文フレームである。,Grammar frames,構文を語ごとではなくフレームとして認識する。
399,3,there is a risk that S,Sという危険がある,The frame “there is a risk that S” is common in academic reading.,「there is a risk that S（Sという危険がある）」は学術英文で頻出する構文フレームである。,Grammar frames,構文を語ごとではなくフレームとして認識する。
400,3,there is a need to,〜する必要がある,The frame “there is a need to” is common in academic reading.,「there is a need to（〜する必要がある）」は学術英文で頻出する構文フレームである。,Grammar frames,構文を語ごとではなくフレームとして認識する。
401,3,there is no need to,〜する必要はない,The frame “there is no need to” is common in academic reading.,「there is no need to（〜する必要はない）」は学術英文で頻出する構文フレームである。,Grammar frames,構文を語ごとではなくフレームとして認識する。
402,3,it is clear that S,Sであることは明らかである,The frame “it is clear that S” is common in academic reading.,「it is clear that S（Sであることは明らかである）」は学術英文で頻出する構文フレームである。,Grammar frames,構文を語ごとではなくフレームとして認識する。
403,3,it is unclear whether S,Sかどうかは明らかでない,The frame “it is unclear whether S” is common in academic reading.,「it is unclear whether S（Sかどうかは明らかでない）」は学術英文で頻出する構文フレームである。,Grammar frames,構文を語ごとではなくフレームとして認識する。
404,3,it is possible that S,Sである可能性がある,The frame “it is possible that S” is common in academic reading.,「it is possible that S（Sである可能性がある）」は学術英文で頻出する構文フレームである。,Grammar frames,構文を語ごとではなくフレームとして認識する。
405,3,it is impossible that S,Sであることは不可能である,The frame “it is impossible that S” is common in academic reading.,「it is impossible that S（Sであることは不可能である）」は学術英文で頻出する構文フレームである。,Grammar frames,構文を語ごとではなくフレームとして認識する。
406,3,it is likely that S,Sである可能性が高い,The frame “it is likely that S” is common in academic reading.,「it is likely that S（Sである可能性が高い）」は学術英文で頻出する構文フレームである。,Grammar frames,構文を語ごとではなくフレームとして認識する。
407,3,it is unlikely that S,Sである可能性が低い,The frame “it is unlikely that S” is common in academic reading.,「it is unlikely that S（Sである可能性が低い）」は学術英文で頻出する構文フレームである。,Grammar frames,構文を語ごとではなくフレームとして認識する。
408,3,it is important that S,Sであることが重要である,The frame “it is important that S” is common in academic reading.,「it is important that S（Sであることが重要である）」は学術英文で頻出する構文フレームである。,Grammar frames,構文を語ごとではなくフレームとして認識する。
409,3,it is necessary that S,Sであることが必要である,The frame “it is necessary that S” is common in academic reading.,「it is necessary that S（Sであることが必要である）」は学術英文で頻出する構文フレームである。,Grammar frames,構文を語ごとではなくフレームとして認識する。
410,3,it is reasonable to,〜するのが合理的である,The frame “it is reasonable to” is common in academic reading.,「it is reasonable to（〜するのが合理的である）」は学術英文で頻出する構文フレームである。,Grammar frames,構文を語ごとではなくフレームとして認識する。
411,3,it is useful to,〜するのが有用である,The frame “it is useful to” is common in academic reading.,「it is useful to（〜するのが有用である）」は学術英文で頻出する構文フレームである。,Grammar frames,構文を語ごとではなくフレームとして認識する。
412,3,it is difficult to,〜するのが難しい,The frame “it is difficult to” is common in academic reading.,「it is difficult to（〜するのが難しい）」は学術英文で頻出する構文フレームである。,Grammar frames,構文を語ごとではなくフレームとして認識する。
413,3,it is easy to,〜するのが容易である,The frame “it is easy to” is common in academic reading.,「it is easy to（〜するのが容易である）」は学術英文で頻出する構文フレームである。,Grammar frames,構文を語ごとではなくフレームとして認識する。
414,3,it is tempting to,〜したくなる／魅力的に見える,The frame “it is tempting to” is common in academic reading.,「it is tempting to（〜したくなる／魅力的に見える）」は学術英文で頻出する構文フレームである。,Grammar frames,構文を語ごとではなくフレームとして認識する。
415,3,it is misleading to,〜するのは誤解を招く,The frame “it is misleading to” is common in academic reading.,「it is misleading to（〜するのは誤解を招く）」は学術英文で頻出する構文フレームである。,Grammar frames,構文を語ごとではなくフレームとして認識する。
416,3,it is helpful to,〜すると役に立つ,The frame “it is helpful to” is common in academic reading.,「it is helpful to（〜すると役に立つ）」は学術英文で頻出する構文フレームである。,Grammar frames,構文を語ごとではなくフレームとして認識する。
417,3,it is worthwhile to,〜する価値がある,The frame “it is worthwhile to” is common in academic reading.,「it is worthwhile to（〜する価値がある）」は学術英文で頻出する構文フレームである。,Grammar frames,構文を語ごとではなくフレームとして認識する。
418,3,it is notable that S,Sであることは注目に値する,The frame “it is notable that S” is common in academic reading.,「it is notable that S（Sであることは注目に値する）」は学術英文で頻出する構文フレームである。,Grammar frames,構文を語ごとではなくフレームとして認識する。
419,3,it is significant that S,Sであることは重要である,The frame “it is significant that S” is common in academic reading.,「it is significant that S（Sであることは重要である）」は学術英文で頻出する構文フレームである。,Grammar frames,構文を語ごとではなくフレームとして認識する。
420,3,it is surprising that S,Sであることは驚くべきである,The frame “it is surprising that S” is common in academic reading.,「it is surprising that S（Sであることは驚くべきである）」は学術英文で頻出する構文フレームである。,Grammar frames,構文を語ごとではなくフレームとして認識する。
421,3,it is plausible that S,Sであることはもっともらしい,The frame “it is plausible that S” is common in academic reading.,「it is plausible that S（Sであることはもっともらしい）」は学術英文で頻出する構文フレームである。,Grammar frames,構文を語ごとではなくフレームとして認識する。
422,3,what matters is X,重要なのはXである,The frame “what matters is X” is common in academic reading.,「what matters is X（重要なのはXである）」は学術英文で頻出する構文フレームである。,Grammar frames,構文を語ごとではなくフレームとして認識する。
423,3,what follows is X,以下がXである,The frame “what follows is X” is common in academic reading.,「what follows is X（以下がXである）」は学術英文で頻出する構文フレームである。,Grammar frames,構文を語ごとではなくフレームとして認識する。
424,3,what this means is X,これが意味するのはXである,The frame “what this means is X” is common in academic reading.,「what this means is X（これが意味するのはXである）」は学術英文で頻出する構文フレームである。,Grammar frames,構文を語ごとではなくフレームとして認識する。
425,3,what is important is X,重要なのはXである,The frame “what is important is X” is common in academic reading.,「what is important is X（重要なのはXである）」は学術英文で頻出する構文フレームである。,Grammar frames,構文を語ごとではなくフレームとして認識する。
426,3,what is needed is X,必要なのはXである,The frame “what is needed is X” is common in academic reading.,「what is needed is X（必要なのはXである）」は学術英文で頻出する構文フレームである。,Grammar frames,構文を語ごとではなくフレームとして認識する。
427,3,what counts as X,何がXとみなされるか,The frame “what counts as X” is common in academic reading.,「what counts as X（何がXとみなされるか）」は学術英文で頻出する構文フレームである。,Grammar frames,構文を語ごとではなくフレームとして認識する。
428,3,what makes X Y,何がXをYにするか,The frame “what makes X Y” is common in academic reading.,「what makes X Y（何がXをYにするか）」は学術英文で頻出する構文フレームである。,Grammar frames,構文を語ごとではなくフレームとして認識する。
429,3,how X works,Xがどのように機能するか,The frame “how X works” is common in academic reading.,「how X works（Xがどのように機能するか）」は学術英文で頻出する構文フレームである。,Grammar frames,構文を語ごとではなくフレームとして認識する。
430,3,how X differs from Y,XがYとどのように異なるか,The frame “how X differs from Y” is common in academic reading.,「how X differs from Y（XがYとどのように異なるか）」は学術英文で頻出する構文フレームである。,Grammar frames,構文を語ごとではなくフレームとして認識する。
431,3,why X matters,なぜXが重要なのか,The frame “why X matters” is common in academic reading.,「why X matters（なぜXが重要なのか）」は学術英文で頻出する構文フレームである。,Grammar frames,構文を語ごとではなくフレームとして認識する。
432,3,whether X applies,Xが当てはまるかどうか,The frame “whether X applies” is common in academic reading.,「whether X applies（Xが当てはまるかどうか）」は学術英文で頻出する構文フレームである。,Grammar frames,構文を語ごとではなくフレームとして認識する。
433,3,whether X is possible,Xが可能かどうか,The frame “whether X is possible” is common in academic reading.,「whether X is possible（Xが可能かどうか）」は学術英文で頻出する構文フレームである。,Grammar frames,構文を語ごとではなくフレームとして認識する。
434,3,whether X is justified,Xが正当化されるかどうか,The frame “whether X is justified” is common in academic reading.,「whether X is justified（Xが正当化されるかどうか）」は学術英文で頻出する構文フレームである。,Grammar frames,構文を語ごとではなくフレームとして認識する。
435,3,the way X works,Xが機能する仕方,The frame “the way X works” is common in academic reading.,「the way X works（Xが機能する仕方）」は学術英文で頻出する構文フレームである。,Grammar frames,構文を語ごとではなくフレームとして認識する。
436,3,the way in which X works,Xが機能する仕方,The frame “the way in which X works” is common in academic reading.,「the way in which X works（Xが機能する仕方）」は学術英文で頻出する構文フレームである。,Grammar frames,構文を語ごとではなくフレームとして認識する。
437,3,the extent to which X,Xする程度,The frame “the extent to which X” is common in academic reading.,「the extent to which X（Xする程度）」は学術英文で頻出する構文フレームである。,Grammar frames,構文を語ごとではなくフレームとして認識する。
438,3,the degree to which X,Xする程度,The frame “the degree to which X” is common in academic reading.,「the degree to which X（Xする程度）」は学術英文で頻出する構文フレームである。,Grammar frames,構文を語ごとではなくフレームとして認識する。
439,3,the fact that S,Sという事実,The frame “the fact that S” is common in academic reading.,「the fact that S（Sという事実）」は学術英文で頻出する構文フレームである。,Grammar frames,構文を語ごとではなくフレームとして認識する。
440,3,the idea that S,Sという考え,The frame “the idea that S” is common in academic reading.,「the idea that S（Sという考え）」は学術英文で頻出する構文フレームである。,Grammar frames,構文を語ごとではなくフレームとして認識する。
441,3,the view that S,Sという見解,The frame “the view that S” is common in academic reading.,「the view that S（Sという見解）」は学術英文で頻出する構文フレームである。,Grammar frames,構文を語ごとではなくフレームとして認識する。
442,3,the claim that S,Sという主張,The frame “the claim that S” is common in academic reading.,「the claim that S（Sという主張）」は学術英文で頻出する構文フレームである。,Grammar frames,構文を語ごとではなくフレームとして認識する。
443,3,the assumption that S,Sという前提,The frame “the assumption that S” is common in academic reading.,「the assumption that S（Sという前提）」は学術英文で頻出する構文フレームである。,Grammar frames,構文を語ごとではなくフレームとして認識する。
444,3,the possibility that S,Sという可能性,The frame “the possibility that S” is common in academic reading.,「the possibility that S（Sという可能性）」は学術英文で頻出する構文フレームである。,Grammar frames,構文を語ごとではなくフレームとして認識する。
445,3,the question whether S,Sかどうかという問い,The frame “the question whether S” is common in academic reading.,「the question whether S（Sかどうかという問い）」は学術英文で頻出する構文フレームである。,Grammar frames,構文を語ごとではなくフレームとして認識する。
446,3,be appropriate for,〜に適切である,The expression “be appropriate for” is useful for reading this level of academic argument.,「be appropriate for（〜に適切である）」はこの難易度帯の学術的議論を読むうえで有用である。,Grammar frames,読解時に一つの意味単位として認識する。
447,3,be suitable for,〜に適している,The expression “be suitable for” is useful for reading this level of academic argument.,「be suitable for（〜に適している）」はこの難易度帯の学術的議論を読むうえで有用である。,Grammar frames,読解時に一つの意味単位として認識する。
448,3,be sufficient for,〜に十分である,The expression “be sufficient for” is useful for reading this level of academic argument.,「be sufficient for（〜に十分である）」はこの難易度帯の学術的議論を読むうえで有用である。,Grammar frames,読解時に一つの意味単位として認識する。
449,3,be required for,〜に必要である,The expression “be required for” is useful for reading this level of academic argument.,「be required for（〜に必要である）」はこの難易度帯の学術的議論を読むうえで有用である。,Grammar frames,読解時に一つの意味単位として認識する。
450,3,be characteristic of,〜に特徴的である,The expression “be characteristic of” is useful for reading this level of academic argument.,「be characteristic of（〜に特徴的である）」はこの難易度帯の学術的議論を読むうえで有用である。,Grammar frames,読解時に一つの意味単位として認識する。
451,4,as a consequence,その結果,The connector “as a consequence” signals an important logical relation.,「as a consequence（その結果）」は重要な論理関係を示す。,Logic and relations,因果・対比・条件・譲歩の関係を素早く読む。
452,4,consequently,その結果,The connector “consequently” signals an important logical relation.,「consequently（その結果）」は重要な論理関係を示す。,Logic and relations,因果・対比・条件・譲歩の関係を素早く読む。
453,4,therefore,したがって,The connector “therefore” signals an important logical relation.,「therefore（したがって）」は重要な論理関係を示す。,Logic and relations,因果・対比・条件・譲歩の関係を素早く読む。
454,4,thus,したがって；このように,The connector “thus” signals an important logical relation.,「thus（したがって；このように）」は重要な論理関係を示す。,Logic and relations,因果・対比・条件・譲歩の関係を素早く読む。
455,4,hence,したがって,The connector “hence” signals an important logical relation.,「hence（したがって）」は重要な論理関係を示す。,Logic and relations,因果・対比・条件・譲歩の関係を素早く読む。
456,4,accordingly,それに応じて；したがって,The connector “accordingly” signals an important logical relation.,「accordingly（それに応じて；したがって）」は重要な論理関係を示す。,Logic and relations,因果・対比・条件・譲歩の関係を素早く読む。
457,4,for that reason,その理由で,The connector “for that reason” signals an important logical relation.,「for that reason（その理由で）」は重要な論理関係を示す。,Logic and relations,因果・対比・条件・譲歩の関係を素早く読む。
458,4,this is why,だからこそ,The connector “this is why” signals an important logical relation.,「this is why（だからこそ）」は重要な論理関係を示す。,Logic and relations,因果・対比・条件・譲歩の関係を素早く読む。
459,4,which is why,そのため,The connector “which is why” signals an important logical relation.,「which is why（そのため）」は重要な論理関係を示す。,Logic and relations,因果・対比・条件・譲歩の関係を素早く読む。
460,4,as a consequence of,〜の結果として,The connector “as a consequence of” signals an important logical relation.,「as a consequence of（〜の結果として）」は重要な論理関係を示す。,Logic and relations,因果・対比・条件・譲歩の関係を素早く読む。
461,4,as a result of,〜の結果として,The connector “as a result of” signals an important logical relation.,「as a result of（〜の結果として）」は重要な論理関係を示す。,Logic and relations,因果・対比・条件・譲歩の関係を素早く読む。
462,4,by means of,〜によって,The connector “by means of” signals an important logical relation.,「by means of（〜によって）」は重要な論理関係を示す。,Logic and relations,因果・対比・条件・譲歩の関係を素早く読む。
463,4,through the use of,〜を用いることによって,The connector “through the use of” signals an important logical relation.,「through the use of（〜を用いることによって）」は重要な論理関係を示す。,Logic and relations,因果・対比・条件・譲歩の関係を素早く読む。
464,4,in contrast to,〜とは対照的に,The connector “in contrast to” signals an important logical relation.,「in contrast to（〜とは対照的に）」は重要な論理関係を示す。,Logic and relations,因果・対比・条件・譲歩の関係を素早く読む。
465,4,in opposition to,〜に対立して,The connector “in opposition to” signals an important logical relation.,「in opposition to（〜に対立して）」は重要な論理関係を示す。,Logic and relations,因果・対比・条件・譲歩の関係を素早く読む。
466,4,as opposed to,〜ではなく；〜と対照的に,The connector “as opposed to” signals an important logical relation.,「as opposed to（〜ではなく；〜と対照的に）」は重要な論理関係を示す。,Logic and relations,因果・対比・条件・譲歩の関係を素早く読む。
467,4,unlike,〜とは異なり,The connector “unlike” signals an important logical relation.,「unlike（〜とは異なり）」は重要な論理関係を示す。,Logic and relations,因果・対比・条件・譲歩の関係を素早く読む。
468,4,similarly,同様に,The connector “similarly” signals an important logical relation.,「similarly（同様に）」は重要な論理関係を示す。,Logic and relations,因果・対比・条件・譲歩の関係を素早く読む。
469,4,likewise,同様に,The connector “likewise” signals an important logical relation.,「likewise（同様に）」は重要な論理関係を示す。,Logic and relations,因果・対比・条件・譲歩の関係を素早く読む。
470,4,in the same way,同じように,The connector “in the same way” signals an important logical relation.,「in the same way（同じように）」は重要な論理関係を示す。,Logic and relations,因果・対比・条件・譲歩の関係を素早く読む。
471,4,by the same token,同じ理由で,The connector “by the same token” signals an important logical relation.,「by the same token（同じ理由で）」は重要な論理関係を示す。,Logic and relations,因果・対比・条件・譲歩の関係を素早く読む。
472,4,to the same extent,同じ程度に,The connector “to the same extent” signals an important logical relation.,「to the same extent（同じ程度に）」は重要な論理関係を示す。,Logic and relations,因果・対比・条件・譲歩の関係を素早く読む。
473,4,to a greater extent,より大きな程度で,The connector “to a greater extent” signals an important logical relation.,「to a greater extent（より大きな程度で）」は重要な論理関係を示す。,Logic and relations,因果・対比・条件・譲歩の関係を素早く読む。
474,4,to a lesser extent,より小さな程度で,The connector “to a lesser extent” signals an important logical relation.,「to a lesser extent（より小さな程度で）」は重要な論理関係を示す。,Logic and relations,因果・対比・条件・譲歩の関係を素早く読む。
475,4,more importantly,さらに重要なことに,The connector “more importantly” signals an important logical relation.,「more importantly（さらに重要なことに）」は重要な論理関係を示す。,Logic and relations,因果・対比・条件・譲歩の関係を素早く読む。
476,4,equally important,同様に重要なことに,The connector “equally important” signals an important logical relation.,「equally important（同様に重要なことに）」は重要な論理関係を示す。,Logic and relations,因果・対比・条件・譲歩の関係を素早く読む。
477,4,in contrast with,〜との対比で,The connector “in contrast with” signals an important logical relation.,「in contrast with（〜との対比で）」は重要な論理関係を示す。,Logic and relations,因果・対比・条件・譲歩の関係を素早く読む。
478,4,provided that,〜という条件で,The connector “provided that” signals an important logical relation.,「provided that（〜という条件で）」は重要な論理関係を示す。,Logic and relations,因果・対比・条件・譲歩の関係を素早く読む。
479,4,providing that,〜という条件で,The connector “providing that” signals an important logical relation.,「providing that（〜という条件で）」は重要な論理関係を示す。,Logic and relations,因果・対比・条件・譲歩の関係を素早く読む。
480,4,on condition that,〜という条件で,The connector “on condition that” signals an important logical relation.,「on condition that（〜という条件で）」は重要な論理関係を示す。,Logic and relations,因果・対比・条件・譲歩の関係を素早く読む。
481,4,only if,〜の場合に限って,The connector “only if” signals an important logical relation.,「only if（〜の場合に限って）」は重要な論理関係を示す。,Logic and relations,因果・対比・条件・譲歩の関係を素早く読む。
482,4,if and only if,〜である場合かつその場合に限り,The connector “if and only if” signals an important logical relation.,「if and only if（〜である場合かつその場合に限り）」は重要な論理関係を示す。,Logic and relations,因果・対比・条件・譲歩の関係を素早く読む。
483,4,unless,〜でない限り,The connector “unless” signals an important logical relation.,「unless（〜でない限り）」は重要な論理関係を示す。,Logic and relations,因果・対比・条件・譲歩の関係を素早く読む。
484,4,otherwise,そうでなければ,The connector “otherwise” signals an important logical relation.,「otherwise（そうでなければ）」は重要な論理関係を示す。,Logic and relations,因果・対比・条件・譲歩の関係を素早く読む。
485,4,in the event that,もし〜の場合には,The connector “in the event that” signals an important logical relation.,「in the event that（もし〜の場合には）」は重要な論理関係を示す。,Logic and relations,因果・対比・条件・譲歩の関係を素早く読む。
486,4,assuming that,〜と仮定すれば,The connector “assuming that” signals an important logical relation.,「assuming that（〜と仮定すれば）」は重要な論理関係を示す。,Logic and relations,因果・対比・条件・譲歩の関係を素早く読む。
487,4,given that,〜であることを考えると；〜なので,The connector “given that” signals an important logical relation.,「given that（〜であることを考えると；〜なので）」は重要な論理関係を示す。,Logic and relations,因果・対比・条件・譲歩の関係を素早く読む。
488,4,given the fact that,〜という事実を考えると,The connector “given the fact that” signals an important logical relation.,「given the fact that（〜という事実を考えると）」は重要な論理関係を示す。,Logic and relations,因果・対比・条件・譲歩の関係を素早く読む。
489,4,supposing that,〜と仮定すると,The connector “supposing that” signals an important logical relation.,「supposing that（〜と仮定すると）」は重要な論理関係を示す。,Logic and relations,因果・対比・条件・譲歩の関係を素早く読む。
490,4,even when,〜の場合でさえ,The connector “even when” signals an important logical relation.,「even when（〜の場合でさえ）」は重要な論理関係を示す。,Logic and relations,因果・対比・条件・譲歩の関係を素早く読む。
491,4,even where,〜のところでさえ,The connector “even where” signals an important logical relation.,「even where（〜のところでさえ）」は重要な論理関係を示す。,Logic and relations,因果・対比・条件・譲歩の関係を素早く読む。
492,4,regardless of,〜にかかわらず,The connector “regardless of” signals an important logical relation.,「regardless of（〜にかかわらず）」は重要な論理関係を示す。,Logic and relations,因果・対比・条件・譲歩の関係を素早く読む。
493,4,irrespective of,〜にかかわらず,The connector “irrespective of” signals an important logical relation.,「irrespective of（〜にかかわらず）」は重要な論理関係を示す。,Logic and relations,因果・対比・条件・譲歩の関係を素早く読む。
494,4,whether or not S,Sであるかどうかにかかわらず,The connector “whether or not S” signals an important logical relation.,「whether or not S（Sであるかどうかにかかわらず）」は重要な論理関係を示す。,Logic and relations,因果・対比・条件・譲歩の関係を素早く読む。
495,4,to the extent that,〜する程度に；〜する限り,The connector “to the extent that” signals an important logical relation.,「to the extent that（〜する程度に；〜する限り）」は重要な論理関係を示す。,Logic and relations,因果・対比・条件・譲歩の関係を素早く読む。
496,4,insofar as,〜する限りにおいて,The connector “insofar as” signals an important logical relation.,「insofar as（〜する限りにおいて）」は重要な論理関係を示す。,Logic and relations,因果・対比・条件・譲歩の関係を素早く読む。
497,4,to the degree that,〜する程度に,The connector “to the degree that” signals an important logical relation.,「to the degree that（〜する程度に）」は重要な論理関係を示す。,Logic and relations,因果・対比・条件・譲歩の関係を素早く読む。
498,4,as far as S is concerned,Sに関する限り,The connector “as far as S is concerned” signals an important logical relation.,「as far as S is concerned（Sに関する限り）」は重要な論理関係を示す。,Logic and relations,因果・対比・条件・譲歩の関係を素早く読む。
499,4,when it comes to,〜ということになると,The connector “when it comes to” signals an important logical relation.,「when it comes to（〜ということになると）」は重要な論理関係を示す。,Logic and relations,因果・対比・条件・譲歩の関係を素早く読む。
500,4,nevertheless,それにもかかわらず,The connector “nevertheless” signals an important logical relation.,「nevertheless（それにもかかわらず）」は重要な論理関係を示す。,Logic and relations,因果・対比・条件・譲歩の関係を素早く読む。
501,4,nonetheless,それにもかかわらず,The connector “nonetheless” signals an important logical relation.,「nonetheless（それにもかかわらず）」は重要な論理関係を示す。,Logic and relations,因果・対比・条件・譲歩の関係を素早く読む。
502,4,however,しかしながら,The connector “however” signals an important logical relation.,「however（しかしながら）」は重要な論理関係を示す。,Logic and relations,因果・対比・条件・譲歩の関係を素早く読む。
503,4,still,それでも,The connector “still” signals an important logical relation.,「still（それでも）」は重要な論理関係を示す。,Logic and relations,因果・対比・条件・譲歩の関係を素早く読む。
504,4,yet,しかし,The connector “yet” signals an important logical relation.,「yet（しかし）」は重要な論理関係を示す。,Logic and relations,因果・対比・条件・譲歩の関係を素早く読む。
505,4,even so,それでも,The connector “even so” signals an important logical relation.,「even so（それでも）」は重要な論理関係を示す。,Logic and relations,因果・対比・条件・譲歩の関係を素早く読む。
506,4,all the same,それでも,The connector “all the same” signals an important logical relation.,「all the same（それでも）」は重要な論理関係を示す。,Logic and relations,因果・対比・条件・譲歩の関係を素早く読む。
507,4,on the contrary,それどころか；反対に,The connector “on the contrary” signals an important logical relation.,「on the contrary（それどころか；反対に）」は重要な論理関係を示す。,Logic and relations,因果・対比・条件・譲歩の関係を素早く読む。
508,4,conversely,逆に,The connector “conversely” signals an important logical relation.,「conversely（逆に）」は重要な論理関係を示す。,Logic and relations,因果・対比・条件・譲歩の関係を素早く読む。
509,4,alternatively,別の可能性として,The connector “alternatively” signals an important logical relation.,「alternatively（別の可能性として）」は重要な論理関係を示す。,Logic and relations,因果・対比・条件・譲歩の関係を素早く読む。
510,4,in turn,次いで；その結果,The connector “in turn” signals an important logical relation.,「in turn（次いで；その結果）」は重要な論理関係を示す。,Logic and relations,因果・対比・条件・譲歩の関係を素早く読む。
511,4,by comparison,比較すると,The connector “by comparison” signals an important logical relation.,「by comparison（比較すると）」は重要な論理関係を示す。,Logic and relations,因果・対比・条件・譲歩の関係を素早く読む。
512,4,in comparison,比較すると,The connector “in comparison” signals an important logical relation.,「in comparison（比較すると）」は重要な論理関係を示す。,Logic and relations,因果・対比・条件・譲歩の関係を素早く読む。
513,4,in parallel,並行して,The connector “in parallel” signals an important logical relation.,「in parallel（並行して）」は重要な論理関係を示す。,Logic and relations,因果・対比・条件・譲歩の関係を素早く読む。
514,4,in a similar fashion,同様の仕方で,The connector “in a similar fashion” signals an important logical relation.,「in a similar fashion（同様の仕方で）」は重要な論理関係を示す。,Logic and relations,因果・対比・条件・譲歩の関係を素早く読む。
515,4,in a similar manner,同様の仕方で,The connector “in a similar manner” signals an important logical relation.,「in a similar manner（同様の仕方で）」は重要な論理関係を示す。,Logic and relations,因果・対比・条件・譲歩の関係を素早く読む。
516,4,correspondingly,それに対応して,The connector “correspondingly” signals an important logical relation.,「correspondingly（それに対応して）」は重要な論理関係を示す。,Logic and relations,因果・対比・条件・譲歩の関係を素早く読む。
517,4,respectively,それぞれ,The connector “respectively” signals an important logical relation.,「respectively（それぞれ）」は重要な論理関係を示す。,Logic and relations,因果・対比・条件・譲歩の関係を素早く読む。
518,4,in each case,それぞれの場合に,The connector “in each case” signals an important logical relation.,「in each case（それぞれの場合に）」は重要な論理関係を示す。,Logic and relations,因果・対比・条件・譲歩の関係を素早く読む。
519,4,in every case,すべての場合に,The connector “in every case” signals an important logical relation.,「in every case（すべての場合に）」は重要な論理関係を示す。,Logic and relations,因果・対比・条件・譲歩の関係を素早く読む。
520,4,under either condition,どちらの条件でも,The connector “under either condition” signals an important logical relation.,「under either condition（どちらの条件でも）」は重要な論理関係を示す。,Logic and relations,因果・対比・条件・譲歩の関係を素早く読む。
521,4,under both conditions,両方の条件で,The connector “under both conditions” signals an important logical relation.,「under both conditions（両方の条件で）」は重要な論理関係を示す。,Logic and relations,因果・対比・条件・譲歩の関係を素早く読む。
522,4,depending on,〜に応じて,The connector “depending on” signals an important logical relation.,「depending on（〜に応じて）」は重要な論理関係を示す。,Logic and relations,因果・対比・条件・譲歩の関係を素早く読む。
523,4,depending upon,〜に応じて,The connector “depending upon” signals an important logical relation.,「depending upon（〜に応じて）」は重要な論理関係を示す。,Logic and relations,因果・対比・条件・譲歩の関係を素早く読む。
524,4,provided only that,〜という条件さえ満たせば,The connector “provided only that” signals an important logical relation.,「provided only that（〜という条件さえ満たせば）」は重要な論理関係を示す。,Logic and relations,因果・対比・条件・譲歩の関係を素早く読む。
525,4,except when,〜の場合を除いて,The connector “except when” signals an important logical relation.,「except when（〜の場合を除いて）」は重要な論理関係を示す。,Logic and relations,因果・対比・条件・譲歩の関係を素早く読む。
526,4,except where,〜のところを除いて,The connector “except where” signals an important logical relation.,「except where（〜のところを除いて）」は重要な論理関係を示す。,Logic and relations,因果・対比・条件・譲歩の関係を素早く読む。
527,4,only when,〜の場合にのみ,The connector “only when” signals an important logical relation.,「only when（〜の場合にのみ）」は重要な論理関係を示す。,Logic and relations,因果・対比・条件・譲歩の関係を素早く読む。
528,4,only where,〜のところでのみ,The connector “only where” signals an important logical relation.,「only where（〜のところでのみ）」は重要な論理関係を示す。,Logic and relations,因果・対比・条件・譲歩の関係を素早く読む。
529,4,only insofar as,〜する限りにおいてのみ,The connector “only insofar as” signals an important logical relation.,「only insofar as（〜する限りにおいてのみ）」は重要な論理関係を示す。,Logic and relations,因果・対比・条件・譲歩の関係を素早く読む。
530,4,in case,〜の場合に備えて,The connector “in case” signals an important logical relation.,「in case（〜の場合に備えて）」は重要な論理関係を示す。,Logic and relations,因果・対比・条件・譲歩の関係を素早く読む。
531,4,in the case of,〜の場合には,The connector “in the case of” signals an important logical relation.,「in the case of（〜の場合には）」は重要な論理関係を示す。,Logic and relations,因果・対比・条件・譲歩の関係を素早く読む。
532,4,in cases where,〜する事例では,The connector “in cases where” signals an important logical relation.,「in cases where（〜する事例では）」は重要な論理関係を示す。,Logic and relations,因果・対比・条件・譲歩の関係を素早く読む。
533,4,whenever,〜するときはいつでも,The connector “whenever” signals an important logical relation.,「whenever（〜するときはいつでも）」は重要な論理関係を示す。,Logic and relations,因果・対比・条件・譲歩の関係を素早く読む。
534,4,wherever,〜するところではどこでも,The connector “wherever” signals an important logical relation.,「wherever（〜するところではどこでも）」は重要な論理関係を示す。,Logic and relations,因果・対比・条件・譲歩の関係を素早く読む。
535,4,however much,どれほど〜でも,The connector “however much” signals an important logical relation.,「however much（どれほど〜でも）」は重要な論理関係を示す。,Logic and relations,因果・対比・条件・譲歩の関係を素早く読む。
536,4,however little,どれほど少なくても,The connector “however little” signals an important logical relation.,「however little（どれほど少なくても）」は重要な論理関係を示す。,Logic and relations,因果・対比・条件・譲歩の関係を素早く読む。
537,4,no matter how,どれほど〜でも,The connector “no matter how” signals an important logical relation.,「no matter how（どれほど〜でも）」は重要な論理関係を示す。,Logic and relations,因果・対比・条件・譲歩の関係を素早く読む。
538,4,no matter whether,〜かどうかにかかわらず,The connector “no matter whether” signals an important logical relation.,「no matter whether（〜かどうかにかかわらず）」は重要な論理関係を示す。,Logic and relations,因果・対比・条件・譲歩の関係を素早く読む。
539,4,even assuming that,たとえ〜と仮定しても,The connector “even assuming that” signals an important logical relation.,「even assuming that（たとえ〜と仮定しても）」は重要な論理関係を示す。,Logic and relations,因果・対比・条件・譲歩の関係を素早く読む。
540,4,even granting that,たとえ〜を認めても,The connector “even granting that” signals an important logical relation.,「even granting that（たとえ〜を認めても）」は重要な論理関係を示す。,Logic and relations,因果・対比・条件・譲歩の関係を素早く読む。
541,4,granted that,〜を認めるとして,The connector “granted that” signals an important logical relation.,「granted that（〜を認めるとして）」は重要な論理関係を示す。,Logic and relations,因果・対比・条件・譲歩の関係を素早く読む。
542,4,admittedly,確かに；認めるべきことに,The connector “admittedly” signals an important logical relation.,「admittedly（確かに；認めるべきことに）」は重要な論理関係を示す。,Logic and relations,因果・対比・条件・譲歩の関係を素早く読む。
543,4,to be sure,確かに,The connector “to be sure” signals an important logical relation.,「to be sure（確かに）」は重要な論理関係を示す。,Logic and relations,因果・対比・条件・譲歩の関係を素早く読む。
544,4,despite this,それにもかかわらず,The connector “despite this” signals an important logical relation.,「despite this（それにもかかわらず）」は重要な論理関係を示す。,Logic and relations,因果・対比・条件・譲歩の関係を素早く読む。
545,4,despite the fact that,〜という事実にもかかわらず,The connector “despite the fact that” signals an important logical relation.,「despite the fact that（〜という事実にもかかわらず）」は重要な論理関係を示す。,Logic and relations,因果・対比・条件・譲歩の関係を素早く読む。
546,4,notwithstanding,〜にもかかわらず,The connector “notwithstanding” signals an important logical relation.,「notwithstanding（〜にもかかわらず）」は重要な論理関係を示す。,Logic and relations,因果・対比・条件・譲歩の関係を素早く読む。
547,4,by virtue of the fact that,〜という事実によって,The connector “by virtue of the fact that” signals an important logical relation.,「by virtue of the fact that（〜という事実によって）」は重要な論理関係を示す。,Logic and relations,因果・対比・条件・譲歩の関係を素早く読む。
548,4,because S,Sなので,The connector “because S” signals an important logical relation.,「because S（Sなので）」は重要な論理関係を示す。,Logic and relations,因果・対比・条件・譲歩の関係を素早く読む。
549,4,since S,Sなので；S以来,The connector “since S” signals an important logical relation.,「since S（Sなので；S以来）」は重要な論理関係を示す。,Logic and relations,因果・対比・条件・譲歩の関係を素早く読む。
550,4,as S,Sなので；Sするにつれて,The connector “as S” signals an important logical relation.,「as S（Sなので；Sするにつれて）」は重要な論理関係を示す。,Logic and relations,因果・対比・条件・譲歩の関係を素早く読む。
551,4,now that S,今やSなので,The connector “now that S” signals an important logical relation.,「now that S（今やSなので）」は重要な論理関係を示す。,Logic and relations,因果・対比・条件・譲歩の関係を素早く読む。
552,4,given X,Xを考慮すると,The connector “given X” signals an important logical relation.,「given X（Xを考慮すると）」は重要な論理関係を示す。,Logic and relations,因果・対比・条件・譲歩の関係を素早く読む。
553,4,because of X,Xのために,The connector “because of X” signals an important logical relation.,「because of X（Xのために）」は重要な論理関係を示す。,Logic and relations,因果・対比・条件・譲歩の関係を素早く読む。
554,4,due to X,Xが原因で,The connector “due to X” signals an important logical relation.,「due to X（Xが原因で）」は重要な論理関係を示す。,Logic and relations,因果・対比・条件・譲歩の関係を素早く読む。
555,4,owing to X,Xのために,The connector “owing to X” signals an important logical relation.,「owing to X（Xのために）」は重要な論理関係を示す。,Logic and relations,因果・対比・条件・譲歩の関係を素早く読む。
556,4,thanks to X,Xのおかげで,The connector “thanks to X” signals an important logical relation.,「thanks to X（Xのおかげで）」は重要な論理関係を示す。,Logic and relations,因果・対比・条件・譲歩の関係を素早く読む。
557,4,as long as S,Sである限り,The connector “as long as S” signals an important logical relation.,「as long as S（Sである限り）」は重要な論理関係を示す。,Logic and relations,因果・対比・条件・譲歩の関係を素早く読む。
558,4,so long as S,Sである限り,The connector “so long as S” signals an important logical relation.,「so long as S（Sである限り）」は重要な論理関係を示す。,Logic and relations,因果・対比・条件・譲歩の関係を素早く読む。
559,4,if S,もしSなら,The connector “if S” signals an important logical relation.,「if S（もしSなら）」は重要な論理関係を示す。,Logic and relations,因果・対比・条件・譲歩の関係を素早く読む。
560,4,if not S,もしSでなければ,The connector “if not S” signals an important logical relation.,「if not S（もしSでなければ）」は重要な論理関係を示す。,Logic and relations,因果・対比・条件・譲歩の関係を素早く読む。
561,4,even if S,たとえSでも,The connector “even if S” signals an important logical relation.,「even if S（たとえSでも）」は重要な論理関係を示す。,Logic and relations,因果・対比・条件・譲歩の関係を素早く読む。
562,4,even though S,Sにもかかわらず,The connector “even though S” signals an important logical relation.,「even though S（Sにもかかわらず）」は重要な論理関係を示す。,Logic and relations,因果・対比・条件・譲歩の関係を素早く読む。
563,4,although S,Sだけれども,The connector “although S” signals an important logical relation.,「although S（Sだけれども）」は重要な論理関係を示す。,Logic and relations,因果・対比・条件・譲歩の関係を素早く読む。
564,4,though S,Sだけれども,The connector “though S” signals an important logical relation.,「though S（Sだけれども）」は重要な論理関係を示す。,Logic and relations,因果・対比・条件・譲歩の関係を素早く読む。
565,4,while S,Sである一方で,The connector “while S” signals an important logical relation.,「while S（Sである一方で）」は重要な論理関係を示す。,Logic and relations,因果・対比・条件・譲歩の関係を素早く読む。
566,4,whereas S,Sである一方で,The connector “whereas S” signals an important logical relation.,「whereas S（Sである一方で）」は重要な論理関係を示す。,Logic and relations,因果・対比・条件・譲歩の関係を素早く読む。
567,4,rather than X,Xではなく,The connector “rather than X” signals an important logical relation.,「rather than X（Xではなく）」は重要な論理関係を示す。,Logic and relations,因果・対比・条件・譲歩の関係を素早く読む。
568,4,instead of X,Xの代わりに,The connector “instead of X” signals an important logical relation.,「instead of X（Xの代わりに）」は重要な論理関係を示す。,Logic and relations,因果・対比・条件・譲歩の関係を素早く読む。
569,4,as well as X,Xだけでなく,The connector “as well as X” signals an important logical relation.,「as well as X（Xだけでなく）」は重要な論理関係を示す。,Logic and relations,因果・対比・条件・譲歩の関係を素早く読む。
570,4,in addition to X,Xに加えて,The connector “in addition to X” signals an important logical relation.,「in addition to X（Xに加えて）」は重要な論理関係を示す。,Logic and relations,因果・対比・条件・譲歩の関係を素早く読む。
571,4,besides X,Xに加えて,The connector “besides X” signals an important logical relation.,「besides X（Xに加えて）」は重要な論理関係を示す。,Logic and relations,因果・対比・条件・譲歩の関係を素早く読む。
572,4,apart from X,Xを別にすれば,The connector “apart from X” signals an important logical relation.,「apart from X（Xを別にすれば）」は重要な論理関係を示す。,Logic and relations,因果・対比・条件・譲歩の関係を素早く読む。
573,4,except for X,Xを除いて,The connector “except for X” signals an important logical relation.,「except for X（Xを除いて）」は重要な論理関係を示す。,Logic and relations,因果・対比・条件・譲歩の関係を素早く読む。
574,4,in contrast with X,Xと対照的に,The connector “in contrast with X” signals an important logical relation.,「in contrast with X（Xと対照的に）」は重要な論理関係を示す。,Logic and relations,因果・対比・条件・譲歩の関係を素早く読む。
575,4,compared with X,Xと比較して,The connector “compared with X” signals an important logical relation.,「compared with X（Xと比較して）」は重要な論理関係を示す。,Logic and relations,因果・対比・条件・譲歩の関係を素早く読む。
576,4,compared to X,Xと比較して,The connector “compared to X” signals an important logical relation.,「compared to X（Xと比較して）」は重要な論理関係を示す。,Logic and relations,因果・対比・条件・譲歩の関係を素早く読む。
577,4,similar to X,Xに似て,The connector “similar to X” signals an important logical relation.,「similar to X（Xに似て）」は重要な論理関係を示す。,Logic and relations,因果・対比・条件・譲歩の関係を素早く読む。
578,4,different from X,Xと異なって,The connector “different from X” signals an important logical relation.,「different from X（Xと異なって）」は重要な論理関係を示す。,Logic and relations,因果・対比・条件・譲歩の関係を素早く読む。
579,4,"the more X, the more Y",XであればあるほどY,"The connector “the more X, the more Y” signals an important logical relation.","「the more X, the more Y（XであればあるほどY）」は重要な論理関係を示す。",Logic and relations,因果・対比・条件・譲歩の関係を素早く読む。
580,4,"the less X, the less Y",Xが少ないほどYも少ない,"The connector “the less X, the less Y” signals an important logical relation.","「the less X, the less Y（Xが少ないほどYも少ない）」は重要な論理関係を示す。",Logic and relations,因果・対比・条件・譲歩の関係を素早く読む。
581,4,"the more X, the less Y",Xが多いほどYは少ない,"The connector “the more X, the less Y” signals an important logical relation.","「the more X, the less Y（Xが多いほどYは少ない）」は重要な論理関係を示す。",Logic and relations,因果・対比・条件・譲歩の関係を素早く読む。
582,4,no sooner X than Y,XするとすぐY,The connector “no sooner X than Y” signals an important logical relation.,「no sooner X than Y（XするとすぐY）」は重要な論理関係を示す。,Logic and relations,因果・対比・条件・譲歩の関係を素早く読む。
583,4,whether X or Y,XであろうとYであろうと,The connector “whether X or Y” signals an important logical relation.,「whether X or Y（XであろうとYであろうと）」は重要な論理関係を示す。,Logic and relations,因果・対比・条件・譲歩の関係を素早く読む。
584,4,not X but Y,XではなくY,The connector “not X but Y” signals an important logical relation.,「not X but Y（XではなくY）」は重要な論理関係を示す。,Logic and relations,因果・対比・条件・譲歩の関係を素早く読む。
585,4,not so much X as Y,XというよりむしろY,The connector “not so much X as Y” signals an important logical relation.,「not so much X as Y（XというよりむしろY）」は重要な論理関係を示す。,Logic and relations,因果・対比・条件・譲歩の関係を素早く読む。
586,4,both X and Y,XとYの両方,The connector “both X and Y” signals an important logical relation.,「both X and Y（XとYの両方）」は重要な論理関係を示す。,Logic and relations,因果・対比・条件・譲歩の関係を素早く読む。
587,4,either X or Y,XかYのどちらか,The connector “either X or Y” signals an important logical relation.,「either X or Y（XかYのどちらか）」は重要な論理関係を示す。,Logic and relations,因果・対比・条件・譲歩の関係を素早く読む。
588,4,neither X nor Y,XでもYでもない,The connector “neither X nor Y” signals an important logical relation.,「neither X nor Y（XでもYでもない）」は重要な論理関係を示す。,Logic and relations,因果・対比・条件・譲歩の関係を素早く読む。
589,4,not only X but also Y,XだけでなくYも,The connector “not only X but also Y” signals an important logical relation.,「not only X but also Y（XだけでなくYも）」は重要な論理関係を示す。,Logic and relations,因果・対比・条件・譲歩の関係を素早く読む。
590,4,X as well as Y,YだけでなくXも,The connector “X as well as Y” signals an important logical relation.,「X as well as Y（YだけでなくXも）」は重要な論理関係を示す。,Logic and relations,因果・対比・条件・譲歩の関係を素早く読む。
591,4,X rather than Y,YではなくX,The connector “X rather than Y” signals an important logical relation.,「X rather than Y（YではなくX）」は重要な論理関係を示す。,Logic and relations,因果・対比・条件・譲歩の関係を素早く読む。
592,4,X instead of Y,Yの代わりにX,The connector “X instead of Y” signals an important logical relation.,「X instead of Y（Yの代わりにX）」は重要な論理関係を示す。,Logic and relations,因果・対比・条件・譲歩の関係を素早く読む。
593,4,X compared with Y,Yと比較したX,The connector “X compared with Y” signals an important logical relation.,「X compared with Y（Yと比較したX）」は重要な論理関係を示す。,Logic and relations,因果・対比・条件・譲歩の関係を素早く読む。
594,4,for the same reason,同じ理由で,The expression “for the same reason” is useful for reading this level of academic argument.,「for the same reason（同じ理由で）」はこの難易度帯の学術的議論を読むうえで有用である。,Logic and relations,読解時に一つの意味単位として認識する。
595,4,in consequence,その結果,The expression “in consequence” is useful for reading this level of academic argument.,「in consequence（その結果）」はこの難易度帯の学術的議論を読むうえで有用である。,Logic and relations,読解時に一つの意味単位として認識する。
596,4,as compared with,〜と比較すると,The expression “as compared with” is useful for reading this level of academic argument.,「as compared with（〜と比較すると）」はこの難易度帯の学術的議論を読むうえで有用である。,Logic and relations,読解時に一つの意味単位として認識する。
597,4,subject to,〜を条件として；〜に従って,The expression “subject to” is useful for reading this level of academic argument.,「subject to（〜を条件として；〜に従って）」はこの難易度帯の学術的議論を読むうえで有用である。,Logic and relations,読解時に一つの意味単位として認識する。
598,4,by the same reasoning,同じ推論によって,The expression “by the same reasoning” is common in academic prose.,「by the same reasoning（同じ推論によって）」は学術英文でよく使われる。,Logic and relations,一つの意味単位として読む。
599,4,under these conditions,これらの条件下で,The expression “under these conditions” is common in academic prose.,「under these conditions（これらの条件下で）」は学術英文でよく使われる。,Logic and relations,一つの意味単位として読む。
600,4,in either event,どちらの場合でも,The expression “in either event” is common in academic prose.,「in either event（どちらの場合でも）」は学術英文でよく使われる。,Logic and relations,一つの意味単位として読む。
601,5,the former,前者,The phrase “the former” helps organize information in academic prose.,「the former（前者）」は学術英文の情報構造を捉えるのに重要である。,Reference and structure,指示・数量・抽象名詞句を塊として読む。
602,5,the latter,後者,The phrase “the latter” helps organize information in academic prose.,「the latter（後者）」は学術英文の情報構造を捉えるのに重要である。,Reference and structure,指示・数量・抽象名詞句を塊として読む。
603,5,the following,以下の；次の,The phrase “the following” helps organize information in academic prose.,「the following（以下の；次の）」は学術英文の情報構造を捉えるのに重要である。,Reference and structure,指示・数量・抽象名詞句を塊として読む。
604,5,the above,上述の,The phrase “the above” helps organize information in academic prose.,「the above（上述の）」は学術英文の情報構造を捉えるのに重要である。,Reference and structure,指示・数量・抽象名詞句を塊として読む。
605,5,the previous,前の；先行する,The phrase “the previous” helps organize information in academic prose.,「the previous（前の；先行する）」は学術英文の情報構造を捉えるのに重要である。,Reference and structure,指示・数量・抽象名詞句を塊として読む。
606,5,the next,次の,The phrase “the next” helps organize information in academic prose.,「the next（次の）」は学術英文の情報構造を捉えるのに重要である。,Reference and structure,指示・数量・抽象名詞句を塊として読む。
607,5,the first,第一の；前者,The phrase “the first” helps organize information in academic prose.,「the first（第一の；前者）」は学術英文の情報構造を捉えるのに重要である。,Reference and structure,指示・数量・抽象名詞句を塊として読む。
608,5,the second,第二の；後者,The phrase “the second” helps organize information in academic prose.,「the second（第二の；後者）」は学術英文の情報構造を捉えるのに重要である。,Reference and structure,指示・数量・抽象名詞句を塊として読む。
609,5,the same point,同じ点,The phrase “the same point” helps organize information in academic prose.,「the same point（同じ点）」は学術英文の情報構造を捉えるのに重要である。,Reference and structure,指示・数量・抽象名詞句を塊として読む。
610,5,the same problem,同じ問題,The phrase “the same problem” helps organize information in academic prose.,「the same problem（同じ問題）」は学術英文の情報構造を捉えるのに重要である。,Reference and structure,指示・数量・抽象名詞句を塊として読む。
611,5,the same kind of,同じ種類の,The phrase “the same kind of” helps organize information in academic prose.,「the same kind of（同じ種類の）」は学術英文の情報構造を捉えるのに重要である。,Reference and structure,指示・数量・抽象名詞句を塊として読む。
612,5,the same way,同じ仕方,The phrase “the same way” helps organize information in academic prose.,「the same way（同じ仕方）」は学術英文の情報構造を捉えるのに重要である。,Reference and structure,指示・数量・抽象名詞句を塊として読む。
613,5,one another,互いに,The phrase “one another” helps organize information in academic prose.,「one another（互いに）」は学術英文の情報構造を捉えるのに重要である。,Reference and structure,指示・数量・抽象名詞句を塊として読む。
614,5,each other,互いに,The phrase “each other” helps organize information in academic prose.,「each other（互いに）」は学術英文の情報構造を捉えるのに重要である。,Reference and structure,指示・数量・抽象名詞句を塊として読む。
615,5,one of the most,最も〜なものの一つ,The phrase “one of the most” helps organize information in academic prose.,「one of the most（最も〜なものの一つ）」は学術英文の情報構造を捉えるのに重要である。,Reference and structure,指示・数量・抽象名詞句を塊として読む。
616,5,one possible,一つの可能な〜,The phrase “one possible” helps organize information in academic prose.,「one possible（一つの可能な〜）」は学術英文の情報構造を捉えるのに重要である。,Reference and structure,指示・数量・抽象名詞句を塊として読む。
617,5,another possible,別の可能な〜,The phrase “another possible” helps organize information in academic prose.,「another possible（別の可能な〜）」は学術英文の情報構造を捉えるのに重要である。,Reference and structure,指示・数量・抽象名詞句を塊として読む。
618,5,one reason why,〜する一つの理由,The phrase “one reason why” helps organize information in academic prose.,「one reason why（〜する一つの理由）」は学術英文の情報構造を捉えるのに重要である。,Reference and structure,指示・数量・抽象名詞句を塊として読む。
619,5,the reason why,〜する理由,The phrase “the reason why” helps organize information in academic prose.,「the reason why（〜する理由）」は学術英文の情報構造を捉えるのに重要である。,Reference and structure,指示・数量・抽象名詞句を塊として読む。
620,5,the way in which,〜する仕方,The phrase “the way in which” helps organize information in academic prose.,「the way in which（〜する仕方）」は学術英文の情報構造を捉えるのに重要である。,Reference and structure,指示・数量・抽象名詞句を塊として読む。
621,5,the extent to which,〜する程度,The phrase “the extent to which” helps organize information in academic prose.,「the extent to which（〜する程度）」は学術英文の情報構造を捉えるのに重要である。,Reference and structure,指示・数量・抽象名詞句を塊として読む。
622,5,the degree to which,〜する程度,The phrase “the degree to which” helps organize information in academic prose.,「the degree to which（〜する程度）」は学術英文の情報構造を捉えるのに重要である。,Reference and structure,指示・数量・抽象名詞句を塊として読む。
623,5,the fact that,〜という事実,The phrase “the fact that” helps organize information in academic prose.,「the fact that（〜という事実）」は学術英文の情報構造を捉えるのに重要である。,Reference and structure,指示・数量・抽象名詞句を塊として読む。
624,5,the idea that,〜という考え,The phrase “the idea that” helps organize information in academic prose.,「the idea that（〜という考え）」は学術英文の情報構造を捉えるのに重要である。,Reference and structure,指示・数量・抽象名詞句を塊として読む。
625,5,the view that,〜という見解,The phrase “the view that” helps organize information in academic prose.,「the view that（〜という見解）」は学術英文の情報構造を捉えるのに重要である。,Reference and structure,指示・数量・抽象名詞句を塊として読む。
626,5,the claim that,〜という主張,The phrase “the claim that” helps organize information in academic prose.,「the claim that（〜という主張）」は学術英文の情報構造を捉えるのに重要である。,Reference and structure,指示・数量・抽象名詞句を塊として読む。
627,5,the assumption that,〜という前提,The phrase “the assumption that” helps organize information in academic prose.,「the assumption that（〜という前提）」は学術英文の情報構造を捉えるのに重要である。,Reference and structure,指示・数量・抽象名詞句を塊として読む。
628,5,the possibility that,〜という可能性,The phrase “the possibility that” helps organize information in academic prose.,「the possibility that（〜という可能性）」は学術英文の情報構造を捉えるのに重要である。,Reference and structure,指示・数量・抽象名詞句を塊として読む。
629,5,the question whether,〜かどうかという問い,The phrase “the question whether” helps organize information in academic prose.,「the question whether（〜かどうかという問い）」は学術英文の情報構造を捉えるのに重要である。,Reference and structure,指示・数量・抽象名詞句を塊として読む。
630,5,the difference between A and B,AとBの違い,The phrase “the difference between A and B” helps organize information in academic prose.,「the difference between A and B（AとBの違い）」は学術英文の情報構造を捉えるのに重要である。,Reference and structure,指示・数量・抽象名詞句を塊として読む。
631,5,the relation between A and B,AとBの関係,The phrase “the relation between A and B” helps organize information in academic prose.,「the relation between A and B（AとBの関係）」は学術英文の情報構造を捉えるのに重要である。,Reference and structure,指示・数量・抽象名詞句を塊として読む。
632,5,the connection between A and B,AとBのつながり,The phrase “the connection between A and B” helps organize information in academic prose.,「the connection between A and B（AとBのつながり）」は学術英文の情報構造を捉えるのに重要である。,Reference and structure,指示・数量・抽象名詞句を塊として読む。
633,5,the distinction between A and B,AとBの区別,The phrase “the distinction between A and B” helps organize information in academic prose.,「the distinction between A and B（AとBの区別）」は学術英文の情報構造を捉えるのに重要である。,Reference and structure,指示・数量・抽象名詞句を塊として読む。
634,5,the contrast between A and B,AとBの対照,The phrase “the contrast between A and B” helps organize information in academic prose.,「the contrast between A and B（AとBの対照）」は学術英文の情報構造を捉えるのに重要である。,Reference and structure,指示・数量・抽象名詞句を塊として読む。
635,5,the relationship between A and B,AとBの関係,The phrase “the relationship between A and B” helps organize information in academic prose.,「the relationship between A and B（AとBの関係）」は学術英文の情報構造を捉えるのに重要である。,Reference and structure,指示・数量・抽象名詞句を塊として読む。
636,5,the role of,〜の役割,The phrase “the role of” helps organize information in academic prose.,「the role of（〜の役割）」は学術英文の情報構造を捉えるのに重要である。,Reference and structure,指示・数量・抽象名詞句を塊として読む。
637,5,the importance of,〜の重要性,The phrase “the importance of” helps organize information in academic prose.,「the importance of（〜の重要性）」は学術英文の情報構造を捉えるのに重要である。,Reference and structure,指示・数量・抽象名詞句を塊として読む。
638,5,the significance of,〜の重要性,The phrase “the significance of” helps organize information in academic prose.,「the significance of（〜の重要性）」は学術英文の情報構造を捉えるのに重要である。,Reference and structure,指示・数量・抽象名詞句を塊として読む。
639,5,the relevance of,〜の関連性,The phrase “the relevance of” helps organize information in academic prose.,「the relevance of（〜の関連性）」は学術英文の情報構造を捉えるのに重要である。,Reference and structure,指示・数量・抽象名詞句を塊として読む。
640,5,the value of,〜の価値,The phrase “the value of” helps organize information in academic prose.,「the value of（〜の価値）」は学術英文の情報構造を捉えるのに重要である。,Reference and structure,指示・数量・抽象名詞句を塊として読む。
641,5,the meaning of,〜の意味,The phrase “the meaning of” helps organize information in academic prose.,「the meaning of（〜の意味）」は学術英文の情報構造を捉えるのに重要である。,Reference and structure,指示・数量・抽象名詞句を塊として読む。
642,5,the definition of,〜の定義,The phrase “the definition of” helps organize information in academic prose.,「the definition of（〜の定義）」は学術英文の情報構造を捉えるのに重要である。,Reference and structure,指示・数量・抽象名詞句を塊として読む。
643,5,the scope of,〜の適用範囲,The phrase “the scope of” helps organize information in academic prose.,「the scope of（〜の適用範囲）」は学術英文の情報構造を捉えるのに重要である。,Reference and structure,指示・数量・抽象名詞句を塊として読む。
644,5,the limits of,〜の限界,The phrase “the limits of” helps organize information in academic prose.,「the limits of（〜の限界）」は学術英文の情報構造を捉えるのに重要である。,Reference and structure,指示・数量・抽象名詞句を塊として読む。
645,5,the nature of,〜の性質,The phrase “the nature of” helps organize information in academic prose.,「the nature of（〜の性質）」は学術英文の情報構造を捉えるのに重要である。,Reference and structure,指示・数量・抽象名詞句を塊として読む。
646,5,the structure of,〜の構造,The phrase “the structure of” helps organize information in academic prose.,「the structure of（〜の構造）」は学術英文の情報構造を捉えるのに重要である。,Reference and structure,指示・数量・抽象名詞句を塊として読む。
647,5,the function of,〜の機能,The phrase “the function of” helps organize information in academic prose.,「the function of（〜の機能）」は学術英文の情報構造を捉えるのに重要である。,Reference and structure,指示・数量・抽象名詞句を塊として読む。
648,5,the purpose of,〜の目的,The phrase “the purpose of” helps organize information in academic prose.,「the purpose of（〜の目的）」は学術英文の情報構造を捉えるのに重要である。,Reference and structure,指示・数量・抽象名詞句を塊として読む。
649,5,the basis of,〜の基礎,The phrase “the basis of” helps organize information in academic prose.,「the basis of（〜の基礎）」は学術英文の情報構造を捉えるのに重要である。,Reference and structure,指示・数量・抽象名詞句を塊として読む。
650,5,the source of,〜の源,The phrase “the source of” helps organize information in academic prose.,「the source of（〜の源）」は学術英文の情報構造を捉えるのに重要である。,Reference and structure,指示・数量・抽象名詞句を塊として読む。
651,5,the origin of,〜の起源,The phrase “the origin of” helps organize information in academic prose.,「the origin of（〜の起源）」は学術英文の情報構造を捉えるのに重要である。,Reference and structure,指示・数量・抽象名詞句を塊として読む。
652,5,the cause of,〜の原因,The phrase “the cause of” helps organize information in academic prose.,「the cause of（〜の原因）」は学術英文の情報構造を捉えるのに重要である。,Reference and structure,指示・数量・抽象名詞句を塊として読む。
653,5,the consequence of,〜の帰結,The phrase “the consequence of” helps organize information in academic prose.,「the consequence of（〜の帰結）」は学術英文の情報構造を捉えるのに重要である。,Reference and structure,指示・数量・抽象名詞句を塊として読む。
654,5,the result of,〜の結果,The phrase “the result of” helps organize information in academic prose.,「the result of（〜の結果）」は学術英文の情報構造を捉えるのに重要である。,Reference and structure,指示・数量・抽象名詞句を塊として読む。
655,5,the effect of,〜の効果,The phrase “the effect of” helps organize information in academic prose.,「the effect of（〜の効果）」は学術英文の情報構造を捉えるのに重要である。,Reference and structure,指示・数量・抽象名詞句を塊として読む。
656,5,the impact of,〜の影響,The phrase “the impact of” helps organize information in academic prose.,「the impact of（〜の影響）」は学術英文の情報構造を捉えるのに重要である。,Reference and structure,指示・数量・抽象名詞句を塊として読む。
657,5,the influence of,〜の影響,The phrase “the influence of” helps organize information in academic prose.,「the influence of（〜の影響）」は学術英文の情報構造を捉えるのに重要である。,Reference and structure,指示・数量・抽象名詞句を塊として読む。
658,5,the implications of,〜の含意,The phrase “the implications of” helps organize information in academic prose.,「the implications of（〜の含意）」は学術英文の情報構造を捉えるのに重要である。,Reference and structure,指示・数量・抽象名詞句を塊として読む。
659,5,the conditions for,〜の条件,The phrase “the conditions for” helps organize information in academic prose.,「the conditions for（〜の条件）」は学術英文の情報構造を捉えるのに重要である。,Reference and structure,指示・数量・抽象名詞句を塊として読む。
660,5,the criteria for,〜の基準,The phrase “the criteria for” helps organize information in academic prose.,「the criteria for（〜の基準）」は学術英文の情報構造を捉えるのに重要である。,Reference and structure,指示・数量・抽象名詞句を塊として読む。
661,5,the argument for,〜を支持する論証,The phrase “the argument for” helps organize information in academic prose.,「the argument for（〜を支持する論証）」は学術英文の情報構造を捉えるのに重要である。,Reference and structure,指示・数量・抽象名詞句を塊として読む。
662,5,the argument against,〜に反対する論証,The phrase “the argument against” helps organize information in academic prose.,「the argument against（〜に反対する論証）」は学術英文の情報構造を捉えるのに重要である。,Reference and structure,指示・数量・抽象名詞句を塊として読む。
663,5,the objection to,〜への反論,The phrase “the objection to” helps organize information in academic prose.,「the objection to（〜への反論）」は学術英文の情報構造を捉えるのに重要である。,Reference and structure,指示・数量・抽象名詞句を塊として読む。
664,5,the response to,〜への応答,The phrase “the response to” helps organize information in academic prose.,「the response to（〜への応答）」は学術英文の情報構造を捉えるのに重要である。,Reference and structure,指示・数量・抽象名詞句を塊として読む。
665,5,the explanation for,〜の説明,The phrase “the explanation for” helps organize information in academic prose.,「the explanation for（〜の説明）」は学術英文の情報構造を捉えるのに重要である。,Reference and structure,指示・数量・抽象名詞句を塊として読む。
666,5,the evidence for,〜を支持する証拠,The phrase “the evidence for” helps organize information in academic prose.,「the evidence for（〜を支持する証拠）」は学術英文の情報構造を捉えるのに重要である。,Reference and structure,指示・数量・抽象名詞句を塊として読む。
667,5,the evidence against,〜に反する証拠,The phrase “the evidence against” helps organize information in academic prose.,「the evidence against（〜に反する証拠）」は学術英文の情報構造を捉えるのに重要である。,Reference and structure,指示・数量・抽象名詞句を塊として読む。
668,5,the reason for,〜の理由,The phrase “the reason for” helps organize information in academic prose.,「the reason for（〜の理由）」は学術英文の情報構造を捉えるのに重要である。,Reference and structure,指示・数量・抽象名詞句を塊として読む。
669,5,the reason to,〜する理由,The phrase “the reason to” helps organize information in academic prose.,「the reason to（〜する理由）」は学術英文の情報構造を捉えるのに重要である。,Reference and structure,指示・数量・抽象名詞句を塊として読む。
670,5,the tendency to,〜する傾向,The phrase “the tendency to” helps organize information in academic prose.,「the tendency to（〜する傾向）」は学術英文の情報構造を捉えるのに重要である。,Reference and structure,指示・数量・抽象名詞句を塊として読む。
671,5,the ability to,〜する能力,The phrase “the ability to” helps organize information in academic prose.,「the ability to（〜する能力）」は学術英文の情報構造を捉えるのに重要である。,Reference and structure,指示・数量・抽象名詞句を塊として読む。
672,5,the capacity to,〜する能力,The phrase “the capacity to” helps organize information in academic prose.,「the capacity to（〜する能力）」は学術英文の情報構造を捉えるのに重要である。,Reference and structure,指示・数量・抽象名詞句を塊として読む。
673,5,the attempt to,〜しようとする試み,The phrase “the attempt to” helps organize information in academic prose.,「the attempt to（〜しようとする試み）」は学術英文の情報構造を捉えるのに重要である。,Reference and structure,指示・数量・抽象名詞句を塊として読む。
674,5,the failure to,〜できないこと,The phrase “the failure to” helps organize information in academic prose.,「the failure to（〜できないこと）」は学術英文の情報構造を捉えるのに重要である。,Reference and structure,指示・数量・抽象名詞句を塊として読む。
675,5,the decision to,〜する決定,The phrase “the decision to” helps organize information in academic prose.,「the decision to（〜する決定）」は学術英文の情報構造を捉えるのに重要である。,Reference and structure,指示・数量・抽象名詞句を塊として読む。
676,5,the claim about,〜についての主張,The phrase “the claim about” helps organize information in academic prose.,「the claim about（〜についての主張）」は学術英文の情報構造を捉えるのに重要である。,Reference and structure,指示・数量・抽象名詞句を塊として読む。
677,5,the debate over,〜をめぐる論争,The phrase “the debate over” helps organize information in academic prose.,「the debate over（〜をめぐる論争）」は学術英文の情報構造を捉えるのに重要である。,Reference and structure,指示・数量・抽象名詞句を塊として読む。
678,5,the discussion of,〜についての議論,The phrase “the discussion of” helps organize information in academic prose.,「the discussion of（〜についての議論）」は学術英文の情報構造を捉えるのに重要である。,Reference and structure,指示・数量・抽象名詞句を塊として読む。
679,5,the literature on,〜についての文献,The phrase “the literature on” helps organize information in academic prose.,「the literature on（〜についての文献）」は学術英文の情報構造を捉えるのに重要である。,Reference and structure,指示・数量・抽象名詞句を塊として読む。
680,5,research on,〜についての研究,The phrase “research on” helps organize information in academic prose.,「research on（〜についての研究）」は学術英文の情報構造を捉えるのに重要である。,Reference and structure,指示・数量・抽象名詞句を塊として読む。
681,5,a form of,一形態の,The phrase “a form of” helps organize information in academic prose.,「a form of（一形態の）」は学術英文の情報構造を捉えるのに重要である。,Reference and structure,指示・数量・抽象名詞句を塊として読む。
682,5,a type of,一種の,The phrase “a type of” helps organize information in academic prose.,「a type of（一種の）」は学術英文の情報構造を捉えるのに重要である。,Reference and structure,指示・数量・抽象名詞句を塊として読む。
683,5,a case of,〜の事例,The phrase “a case of” helps organize information in academic prose.,「a case of（〜の事例）」は学術英文の情報構造を捉えるのに重要である。,Reference and structure,指示・数量・抽象名詞句を塊として読む。
684,5,a matter of,〜の問題；〜次第,The phrase “a matter of” helps organize information in academic prose.,「a matter of（〜の問題；〜次第）」は学術英文の情報構造を捉えるのに重要である。,Reference and structure,指示・数量・抽象名詞句を塊として読む。
685,5,a question of,〜の問題,The phrase “a question of” helps organize information in academic prose.,「a question of（〜の問題）」は学術英文の情報構造を捉えるのに重要である。,Reference and structure,指示・数量・抽象名詞句を塊として読む。
686,5,a way of,〜する方法；一つの仕方,The phrase “a way of” helps organize information in academic prose.,「a way of（〜する方法；一つの仕方）」は学術英文の情報構造を捉えるのに重要である。,Reference and structure,指示・数量・抽象名詞句を塊として読む。
687,5,a means of,〜する手段,The phrase “a means of” helps organize information in academic prose.,「a means of（〜する手段）」は学術英文の情報構造を捉えるのに重要である。,Reference and structure,指示・数量・抽象名詞句を塊として読む。
688,5,a source of,〜の源,The phrase “a source of” helps organize information in academic prose.,「a source of（〜の源）」は学術英文の情報構造を捉えるのに重要である。,Reference and structure,指示・数量・抽象名詞句を塊として読む。
689,5,a basis for,〜の根拠,The phrase “a basis for” helps organize information in academic prose.,「a basis for（〜の根拠）」は学術英文の情報構造を捉えるのに重要である。,Reference and structure,指示・数量・抽象名詞句を塊として読む。
690,5,a reason for,〜の理由,The phrase “a reason for” helps organize information in academic prose.,「a reason for（〜の理由）」は学術英文の情報構造を捉えるのに重要である。,Reference and structure,指示・数量・抽象名詞句を塊として読む。
691,5,a reason to,〜する理由,The phrase “a reason to” helps organize information in academic prose.,「a reason to（〜する理由）」は学術英文の情報構造を捉えるのに重要である。,Reference and structure,指示・数量・抽象名詞句を塊として読む。
692,5,a tendency to,〜する傾向,The phrase “a tendency to” helps organize information in academic prose.,「a tendency to（〜する傾向）」は学術英文の情報構造を捉えるのに重要である。,Reference and structure,指示・数量・抽象名詞句を塊として読む。
693,5,a capacity to,〜する能力,The phrase “a capacity to” helps organize information in academic prose.,「a capacity to（〜する能力）」は学術英文の情報構造を捉えるのに重要である。,Reference and structure,指示・数量・抽象名詞句を塊として読む。
694,5,an ability to,〜する能力,The phrase “an ability to” helps organize information in academic prose.,「an ability to（〜する能力）」は学術英文の情報構造を捉えるのに重要である。,Reference and structure,指示・数量・抽象名詞句を塊として読む。
695,5,an attempt to,〜しようとする試み,The phrase “an attempt to” helps organize information in academic prose.,「an attempt to（〜しようとする試み）」は学術英文の情報構造を捉えるのに重要である。,Reference and structure,指示・数量・抽象名詞句を塊として読む。
696,5,an approach to,〜へのアプローチ,The phrase “an approach to” helps organize information in academic prose.,「an approach to（〜へのアプローチ）」は学術英文の情報構造を捉えるのに重要である。,Reference and structure,指示・数量・抽象名詞句を塊として読む。
697,5,an account of,〜についての説明,The phrase “an account of” helps organize information in academic prose.,「an account of（〜についての説明）」は学術英文の情報構造を捉えるのに重要である。,Reference and structure,指示・数量・抽象名詞句を塊として読む。
698,5,an explanation of,〜の説明,The phrase “an explanation of” helps organize information in academic prose.,「an explanation of（〜の説明）」は学術英文の情報構造を捉えるのに重要である。,Reference and structure,指示・数量・抽象名詞句を塊として読む。
699,5,an example of,〜の例,The phrase “an example of” helps organize information in academic prose.,「an example of（〜の例）」は学術英文の情報構造を捉えるのに重要である。,Reference and structure,指示・数量・抽象名詞句を塊として読む。
700,5,an instance of,〜の事例,The phrase “an instance of” helps organize information in academic prose.,「an instance of（〜の事例）」は学術英文の情報構造を捉えるのに重要である。,Reference and structure,指示・数量・抽象名詞句を塊として読む。
701,5,an indication of,〜の兆候；示唆,The phrase “an indication of” helps organize information in academic prose.,「an indication of（〜の兆候；示唆）」は学術英文の情報構造を捉えるのに重要である。,Reference and structure,指示・数量・抽象名詞句を塊として読む。
702,5,an understanding of,〜の理解,The phrase “an understanding of” helps organize information in academic prose.,「an understanding of（〜の理解）」は学術英文の情報構造を捉えるのに重要である。,Reference and structure,指示・数量・抽象名詞句を塊として読む。
703,5,part of,〜の一部,The phrase “part of” helps organize information in academic prose.,「part of（〜の一部）」は学術英文の情報構造を捉えるのに重要である。,Reference and structure,指示・数量・抽象名詞句を塊として読む。
704,5,most of,〜の大部分,The phrase “most of” helps organize information in academic prose.,「most of（〜の大部分）」は学術英文の情報構造を捉えるのに重要である。,Reference and structure,指示・数量・抽象名詞句を塊として読む。
705,5,some of,〜の一部,The phrase “some of” helps organize information in academic prose.,「some of（〜の一部）」は学術英文の情報構造を捉えるのに重要である。,Reference and structure,指示・数量・抽象名詞句を塊として読む。
706,5,many of,〜の多く,The phrase “many of” helps organize information in academic prose.,「many of（〜の多く）」は学術英文の情報構造を捉えるのに重要である。,Reference and structure,指示・数量・抽象名詞句を塊として読む。
707,5,few of,〜のほとんどない,The phrase “few of” helps organize information in academic prose.,「few of（〜のほとんどない）」は学術英文の情報構造を捉えるのに重要である。,Reference and structure,指示・数量・抽象名詞句を塊として読む。
708,5,much of,〜の大部分,The phrase “much of” helps organize information in academic prose.,「much of（〜の大部分）」は学術英文の情報構造を捉えるのに重要である。,Reference and structure,指示・数量・抽象名詞句を塊として読む。
709,5,the majority of,〜の大多数,The phrase “the majority of” helps organize information in academic prose.,「the majority of（〜の大多数）」は学術英文の情報構造を捉えるのに重要である。,Reference and structure,指示・数量・抽象名詞句を塊として読む。
710,5,a minority of,〜の少数,The phrase “a minority of” helps organize information in academic prose.,「a minority of（〜の少数）」は学術英文の情報構造を捉えるのに重要である。,Reference and structure,指示・数量・抽象名詞句を塊として読む。
711,5,a small number of,少数の,The phrase “a small number of” helps organize information in academic prose.,「a small number of（少数の）」は学術英文の情報構造を捉えるのに重要である。,Reference and structure,指示・数量・抽象名詞句を塊として読む。
712,5,a large number of,多数の,The phrase “a large number of” helps organize information in academic prose.,「a large number of（多数の）」は学術英文の情報構造を捉えるのに重要である。,Reference and structure,指示・数量・抽象名詞句を塊として読む。
713,5,a substantial number of,かなりの数の,The phrase “a substantial number of” helps organize information in academic prose.,「a substantial number of（かなりの数の）」は学術英文の情報構造を捉えるのに重要である。,Reference and structure,指示・数量・抽象名詞句を塊として読む。
714,5,a considerable amount of,かなりの量の,The phrase “a considerable amount of” helps organize information in academic prose.,「a considerable amount of（かなりの量の）」は学術英文の情報構造を捉えるのに重要である。,Reference and structure,指示・数量・抽象名詞句を塊として読む。
715,5,a large proportion of,大きな割合の,The phrase “a large proportion of” helps organize information in academic prose.,「a large proportion of（大きな割合の）」は学術英文の情報構造を捉えるのに重要である。,Reference and structure,指示・数量・抽象名詞句を塊として読む。
716,5,a small proportion of,小さな割合の,The phrase “a small proportion of” helps organize information in academic prose.,「a small proportion of（小さな割合の）」は学術英文の情報構造を捉えるのに重要である。,Reference and structure,指示・数量・抽象名詞句を塊として読む。
717,5,the rest of,〜の残り,The phrase “the rest of” helps organize information in academic prose.,「the rest of（〜の残り）」は学術英文の情報構造を捉えるのに重要である。,Reference and structure,指示・数量・抽象名詞句を塊として読む。
718,5,the remainder of,〜の残り,The phrase “the remainder of” helps organize information in academic prose.,「the remainder of（〜の残り）」は学術英文の情報構造を捉えるのに重要である。,Reference and structure,指示・数量・抽象名詞句を塊として読む。
719,5,a subset of,〜の部分集合,The phrase “a subset of” helps organize information in academic prose.,「a subset of（〜の部分集合）」は学術英文の情報構造を捉えるのに重要である。,Reference and structure,指示・数量・抽象名詞句を塊として読む。
720,5,a set of,一組の,The phrase “a set of” helps organize information in academic prose.,「a set of（一組の）」は学術英文の情報構造を捉えるのに重要である。,Reference and structure,指示・数量・抽象名詞句を塊として読む。
721,5,a group of,一群の,The phrase “a group of” helps organize information in academic prose.,「a group of（一群の）」は学術英文の情報構造を捉えるのに重要である。,Reference and structure,指示・数量・抽象名詞句を塊として読む。
722,5,a body of,一群の；蓄積された〜,The phrase “a body of” helps organize information in academic prose.,「a body of（一群の；蓄積された〜）」は学術英文の情報構造を捉えるのに重要である。,Reference and structure,指示・数量・抽象名詞句を塊として読む。
723,5,a body of evidence,一連の証拠,The phrase “a body of evidence” helps organize information in academic prose.,「a body of evidence（一連の証拠）」は学術英文の情報構造を捉えるのに重要である。,Reference and structure,指示・数量・抽象名詞句を塊として読む。
724,5,a body of literature,一連の文献,The phrase “a body of literature” helps organize information in academic prose.,「a body of literature（一連の文献）」は学術英文の情報構造を捉えるのに重要である。,Reference and structure,指示・数量・抽象名詞句を塊として読む。
725,5,a wide range of,幅広い〜,The phrase “a wide range of” helps organize information in academic prose.,「a wide range of（幅広い〜）」は学術英文の情報構造を捉えるのに重要である。,Reference and structure,指示・数量・抽象名詞句を塊として読む。
726,5,a broad range of,幅広い〜,The phrase “a broad range of” helps organize information in academic prose.,「a broad range of（幅広い〜）」は学術英文の情報構造を捉えるのに重要である。,Reference and structure,指示・数量・抽象名詞句を塊として読む。
727,5,a limited range of,限られた範囲の〜,The phrase “a limited range of” helps organize information in academic prose.,「a limited range of（限られた範囲の〜）」は学術英文の情報構造を捉えるのに重要である。,Reference and structure,指示・数量・抽象名詞句を塊として読む。
728,5,a combination of,〜の組み合わせ,The phrase “a combination of” helps organize information in academic prose.,「a combination of（〜の組み合わせ）」は学術英文の情報構造を捉えるのに重要である。,Reference and structure,指示・数量・抽象名詞句を塊として読む。
729,5,a mixture of,〜の混合,The phrase “a mixture of” helps organize information in academic prose.,「a mixture of（〜の混合）」は学術英文の情報構造を捉えるのに重要である。,Reference and structure,指示・数量・抽象名詞句を塊として読む。
730,5,a pattern of,〜のパターン,The phrase “a pattern of” helps organize information in academic prose.,「a pattern of（〜のパターン）」は学術英文の情報構造を捉えるのに重要である。,Reference and structure,指示・数量・抽象名詞句を塊として読む。
731,5,a process of,〜の過程,The phrase “a process of” helps organize information in academic prose.,「a process of（〜の過程）」は学術英文の情報構造を捉えるのに重要である。,Reference and structure,指示・数量・抽象名詞句を塊として読む。
732,5,a form of evidence,一形態の証拠,The phrase “a form of evidence” helps organize information in academic prose.,「a form of evidence（一形態の証拠）」は学術英文の情報構造を捉えるのに重要である。,Reference and structure,指示・数量・抽象名詞句を塊として読む。
733,5,a line of reasoning,一つの推論の流れ,The phrase “a line of reasoning” helps organize information in academic prose.,「a line of reasoning（一つの推論の流れ）」は学術英文の情報構造を捉えるのに重要である。,Reference and structure,指示・数量・抽象名詞句を塊として読む。
734,5,a line of argument,一つの論証の流れ,The phrase “a line of argument” helps organize information in academic prose.,「a line of argument（一つの論証の流れ）」は学術英文の情報構造を捉えるのに重要である。,Reference and structure,指示・数量・抽象名詞句を塊として読む。
735,5,a chain of reasoning,一連の推論,The phrase “a chain of reasoning” helps organize information in academic prose.,「a chain of reasoning（一連の推論）」は学術英文の情報構造を捉えるのに重要である。,Reference and structure,指示・数量・抽象名詞句を塊として読む。
736,5,a set of assumptions,一組の前提,The phrase “a set of assumptions” helps organize information in academic prose.,「a set of assumptions（一組の前提）」は学術英文の情報構造を捉えるのに重要である。,Reference and structure,指示・数量・抽象名詞句を塊として読む。
737,5,a set of conditions,一組の条件,The phrase “a set of conditions” helps organize information in academic prose.,「a set of conditions（一組の条件）」は学術英文の情報構造を捉えるのに重要である。,Reference and structure,指示・数量・抽象名詞句を塊として読む。
738,5,a set of criteria,一組の基準,The phrase “a set of criteria” helps organize information in academic prose.,「a set of criteria（一組の基準）」は学術英文の情報構造を捉えるのに重要である。,Reference and structure,指示・数量・抽象名詞句を塊として読む。
739,5,a central feature of,〜の中心的特徴,The phrase “a central feature of” helps organize information in academic prose.,「a central feature of（〜の中心的特徴）」は学術英文の情報構造を捉えるのに重要である。,Reference and structure,指示・数量・抽象名詞句を塊として読む。
740,5,a key aspect of,〜の重要な側面,The phrase “a key aspect of” helps organize information in academic prose.,「a key aspect of（〜の重要な側面）」は学術英文の情報構造を捉えるのに重要である。,Reference and structure,指示・数量・抽象名詞句を塊として読む。
741,5,a central problem in,〜における中心問題,The phrase “a central problem in” helps organize information in academic prose.,「a central problem in（〜における中心問題）」は学術英文の情報構造を捉えるのに重要である。,Reference and structure,指示・数量・抽象名詞句を塊として読む。
742,5,a major issue in,〜における主要問題,The phrase “a major issue in” helps organize information in academic prose.,「a major issue in（〜における主要問題）」は学術英文の情報構造を捉えるのに重要である。,Reference and structure,指示・数量・抽象名詞句を塊として読む。
743,5,a key distinction between A and B,AとBの重要な区別,The phrase “a key distinction between A and B” helps organize information in academic prose.,「a key distinction between A and B（AとBの重要な区別）」は学術英文の情報構造を捉えるのに重要である。,Reference and structure,指示・数量・抽象名詞句を塊として読む。
744,5,a close relation between A and B,AとBの密接な関係,The phrase “a close relation between A and B” helps organize information in academic prose.,「a close relation between A and B（AとBの密接な関係）」は学術英文の情報構造を捉えるのに重要である。,Reference and structure,指示・数量・抽象名詞句を塊として読む。
745,5,the broader context of,〜のより広い文脈,The phrase “the broader context of” helps organize information in academic prose.,「the broader context of（〜のより広い文脈）」は学術英文の情報構造を捉えるのに重要である。,Reference and structure,指示・数量・抽象名詞句を塊として読む。
746,5,the wider literature on,〜についてのより広い文献,The phrase “the wider literature on” helps organize information in academic prose.,「the wider literature on（〜についてのより広い文献）」は学術英文の情報構造を捉えるのに重要である。,Reference and structure,指示・数量・抽象名詞句を塊として読む。
747,5,the current debate over,〜をめぐる現在の論争,The phrase “the current debate over” helps organize information in academic prose.,「the current debate over（〜をめぐる現在の論争）」は学術英文の情報構造を捉えるのに重要である。,Reference and structure,指示・数量・抽象名詞句を塊として読む。
748,5,the existing account of,〜についての既存の説明,The phrase “the existing account of” helps organize information in academic prose.,「the existing account of（〜についての既存の説明）」は学術英文の情報構造を捉えるのに重要である。,Reference and structure,指示・数量・抽象名詞句を塊として読む。
749,5,the standard view of,〜についての標準的見解,The phrase “the standard view of” helps organize information in academic prose.,「the standard view of（〜についての標準的見解）」は学術英文の情報構造を捉えるのに重要である。,Reference and structure,指示・数量・抽象名詞句を塊として読む。
750,5,the traditional account of,〜についての伝統的説明,The phrase “the traditional account of” helps organize information in academic prose.,「the traditional account of（〜についての伝統的説明）」は学術英文の情報構造を捉えるのに重要である。,Reference and structure,指示・数量・抽象名詞句を塊として読む。
751,6,in terms of,〜の観点から；〜に関して,The academic frame “in terms of” is common in research writing and reading.,「in terms of（〜の観点から；〜に関して）」は研究論文で頻出する学術表現である。,Academic core,一般学術英文で頻出する定型表現。
752,6,with reference to,〜を参照して；〜に関して,The academic frame “with reference to” is common in research writing and reading.,「with reference to（〜を参照して；〜に関して）」は研究論文で頻出する学術表現である。,Academic core,一般学術英文で頻出する定型表現。
753,6,in connection with,〜との関連で,The academic frame “in connection with” is common in research writing and reading.,「in connection with（〜との関連で）」は研究論文で頻出する学術表現である。,Academic core,一般学術英文で頻出する定型表現。
754,6,in the context of,〜という文脈で,The academic frame “in the context of” is common in research writing and reading.,「in the context of（〜という文脈で）」は研究論文で頻出する学術表現である。,Academic core,一般学術英文で頻出する定型表現。
755,6,within the context of,〜という文脈の中で,The academic frame “within the context of” is common in research writing and reading.,「within the context of（〜という文脈の中で）」は研究論文で頻出する学術表現である。,Academic core,一般学術英文で頻出する定型表現。
756,6,from the perspective of,〜の観点から,The academic frame “from the perspective of” is common in research writing and reading.,「from the perspective of（〜の観点から）」は研究論文で頻出する学術表現である。,Academic core,一般学術英文で頻出する定型表現。
757,6,from the standpoint of,〜の立場から,The academic frame “from the standpoint of” is common in research writing and reading.,「from the standpoint of（〜の立場から）」は研究論文で頻出する学術表現である。,Academic core,一般学術英文で頻出する定型表現。
758,6,on the basis of,〜に基づいて,The academic frame “on the basis of” is common in research writing and reading.,「on the basis of（〜に基づいて）」は研究論文で頻出する学術表現である。,Academic core,一般学術英文で頻出する定型表現。
759,6,by reference to,〜を参照することによって,The academic frame “by reference to” is common in research writing and reading.,「by reference to（〜を参照することによって）」は研究論文で頻出する学術表現である。,Academic core,一般学術英文で頻出する定型表現。
760,6,by virtue of,〜であることによって；〜ゆえに,The academic frame “by virtue of” is common in research writing and reading.,「by virtue of（〜であることによって；〜ゆえに）」は研究論文で頻出する学術表現である。,Academic core,一般学術英文で頻出する定型表現。
761,6,in virtue of,〜であることによって,The academic frame “in virtue of” is common in research writing and reading.,「in virtue of（〜であることによって）」は研究論文で頻出する学術表現である。,Academic core,一般学術英文で頻出する定型表現。
762,6,in accordance with,〜に従って；〜と一致して,The academic frame “in accordance with” is common in research writing and reading.,「in accordance with（〜に従って；〜と一致して）」は研究論文で頻出する学術表現である。,Academic core,一般学術英文で頻出する定型表現。
763,6,in line with,〜と一致して,The academic frame “in line with” is common in research writing and reading.,「in line with（〜と一致して）」は研究論文で頻出する学術表現である。,Academic core,一般学術英文で頻出する定型表現。
764,6,in keeping with,〜と一致して,The academic frame “in keeping with” is common in research writing and reading.,「in keeping with（〜と一致して）」は研究論文で頻出する学術表現である。,Academic core,一般学術英文で頻出する定型表現。
765,6,in comparison to,〜と比較して,The academic frame “in comparison to” is common in research writing and reading.,「in comparison to（〜と比較して）」は研究論文で頻出する学術表現である。,Academic core,一般学術英文で頻出する定型表現。
766,6,in addition to,〜に加えて,The academic frame “in addition to” is common in research writing and reading.,「in addition to（〜に加えて）」は研究論文で頻出する学術表現である。,Academic core,一般学術英文で頻出する定型表現。
767,6,in the presence of,〜がある場合に,The academic frame “in the presence of” is common in research writing and reading.,「in the presence of（〜がある場合に）」は研究論文で頻出する学術表現である。,Academic core,一般学術英文で頻出する定型表現。
768,6,in light of,〜に照らして,The academic frame “in light of” is common in research writing and reading.,「in light of（〜に照らして）」は研究論文で頻出する学術表現である。,Academic core,一般学術英文で頻出する定型表現。
769,6,in view of,〜を考慮すると,The academic frame “in view of” is common in research writing and reading.,「in view of（〜を考慮すると）」は研究論文で頻出する学術表現である。,Academic core,一般学術英文で頻出する定型表現。
770,6,in support of,〜を支持して,The academic frame “in support of” is common in research writing and reading.,「in support of（〜を支持して）」は研究論文で頻出する学術表現である。,Academic core,一般学術英文で頻出する定型表現。
771,6,on the grounds that,〜という理由で,The academic frame “on the grounds that” is common in research writing and reading.,「on the grounds that（〜という理由で）」は研究論文で頻出する学術表現である。,Academic core,一般学術英文で頻出する定型表現。
772,6,for the purpose of,〜する目的で,The academic frame “for the purpose of” is common in research writing and reading.,「for the purpose of（〜する目的で）」は研究論文で頻出する学術表現である。,Academic core,一般学術英文で頻出する定型表現。
773,6,for the sake of,〜のために,The academic frame “for the sake of” is common in research writing and reading.,「for the sake of（〜のために）」は研究論文で頻出する学術表現である。,Academic core,一般学術英文で頻出する定型表現。
774,6,with the aim of,〜することを目的として,The academic frame “with the aim of” is common in research writing and reading.,「with the aim of（〜することを目的として）」は研究論文で頻出する学術表現である。,Academic core,一般学術英文で頻出する定型表現。
775,6,with a view to,〜することを目的として,The academic frame “with a view to” is common in research writing and reading.,「with a view to（〜することを目的として）」は研究論文で頻出する学術表現である。,Academic core,一般学術英文で頻出する定型表現。
776,6,in order for A to B,AがBするためには,The academic frame “in order for A to B” is common in research writing and reading.,「in order for A to B（AがBするためには）」は研究論文で頻出する学術表現である。,Academic core,一般学術英文で頻出する定型表現。
777,6,in such a way that,〜するような仕方で,The academic frame “in such a way that” is common in research writing and reading.,「in such a way that（〜するような仕方で）」は研究論文で頻出する学術表現である。,Academic core,一般学術英文で頻出する定型表現。
778,6,in a way that,〜するような仕方で,The academic frame “in a way that” is common in research writing and reading.,「in a way that（〜するような仕方で）」は研究論文で頻出する学術表現である。,Academic core,一般学術英文で頻出する定型表現。
779,6,to some extent,ある程度,The academic frame “to some extent” is common in research writing and reading.,「to some extent（ある程度）」は研究論文で頻出する学術表現である。,Academic core,一般学術英文で頻出する定型表現。
780,6,to a large extent,かなりの程度,The academic frame “to a large extent” is common in research writing and reading.,「to a large extent（かなりの程度）」は研究論文で頻出する学術表現である。,Academic core,一般学術英文で頻出する定型表現。
781,6,to a certain extent,ある程度,The academic frame “to a certain extent” is common in research writing and reading.,「to a certain extent（ある程度）」は研究論文で頻出する学術表現である。,Academic core,一般学術英文で頻出する定型表現。
782,6,to a limited extent,限定的な程度で,The academic frame “to a limited extent” is common in research writing and reading.,「to a limited extent（限定的な程度で）」は研究論文で頻出する学術表現である。,Academic core,一般学術英文で頻出する定型表現。
783,6,at the level of,〜のレベルで,The academic frame “at the level of” is common in research writing and reading.,「at the level of（〜のレベルで）」は研究論文で頻出する学術表現である。,Academic core,一般学術英文で頻出する定型表現。
784,6,at the expense of,〜を犠牲にして,The academic frame “at the expense of” is common in research writing and reading.,「at the expense of（〜を犠牲にして）」は研究論文で頻出する学術表現である。,Academic core,一般学術英文で頻出する定型表現。
785,6,at the cost of,〜を代償として,The academic frame “at the cost of” is common in research writing and reading.,「at the cost of（〜を代償として）」は研究論文で頻出する学術表現である。,Academic core,一般学術英文で頻出する定型表現。
786,6,on the assumption that,〜という前提で,The academic frame “on the assumption that” is common in research writing and reading.,「on the assumption that（〜という前提で）」は研究論文で頻出する学術表現である。,Academic core,一般学術英文で頻出する定型表現。
787,6,under the assumption that,〜という前提のもとで,The academic frame “under the assumption that” is common in research writing and reading.,「under the assumption that（〜という前提のもとで）」は研究論文で頻出する学術表現である。,Academic core,一般学術英文で頻出する定型表現。
788,6,under conditions of,〜という条件下で,The academic frame “under conditions of” is common in research writing and reading.,「under conditions of（〜という条件下で）」は研究論文で頻出する学術表現である。,Academic core,一般学術英文で頻出する定型表現。
789,6,under the conditions of,〜という条件下で,The academic frame “under the conditions of” is common in research writing and reading.,「under the conditions of（〜という条件下で）」は研究論文で頻出する学術表現である。,Academic core,一般学術英文で頻出する定型表現。
790,6,within the limits of,〜の限界内で,The academic frame “within the limits of” is common in research writing and reading.,「within the limits of（〜の限界内で）」は研究論文で頻出する学術表現である。,Academic core,一般学術英文で頻出する定型表現。
791,6,beyond the scope of,〜の範囲を超えて,The academic frame “beyond the scope of” is common in research writing and reading.,「beyond the scope of（〜の範囲を超えて）」は研究論文で頻出する学術表現である。,Academic core,一般学術英文で頻出する定型表現。
792,6,in the form of,〜の形で,The academic frame “in the form of” is common in research writing and reading.,「in the form of（〜の形で）」は研究論文で頻出する学術表現である。,Academic core,一般学術英文で頻出する定型表現。
793,6,in the process of,〜する過程で,The academic frame “in the process of” is common in research writing and reading.,「in the process of（〜する過程で）」は研究論文で頻出する学術表現である。,Academic core,一般学術英文で頻出する定型表現。
794,6,in the course of,〜する過程で,The academic frame “in the course of” is common in research writing and reading.,「in the course of（〜する過程で）」は研究論文で頻出する学術表現である。,Academic core,一般学術英文で頻出する定型表現。
795,6,in the field of,〜の分野で,The academic frame “in the field of” is common in research writing and reading.,「in the field of（〜の分野で）」は研究論文で頻出する学術表現である。,Academic core,一般学術英文で頻出する定型表現。
796,6,in the area of,〜の領域で,The academic frame “in the area of” is common in research writing and reading.,「in the area of（〜の領域で）」は研究論文で頻出する学術表現である。,Academic core,一般学術英文で頻出する定型表現。
797,6,in the domain of,〜の領域で,The academic frame “in the domain of” is common in research writing and reading.,「in the domain of（〜の領域で）」は研究論文で頻出する学術表現である。,Academic core,一般学術英文で頻出する定型表現。
798,6,in the literature on,〜についての先行研究で,The academic frame “in the literature on” is common in research writing and reading.,「in the literature on（〜についての先行研究で）」は研究論文で頻出する学術表現である。,Academic core,一般学術英文で頻出する定型表現。
799,6,in previous work,先行研究で,The academic frame “in previous work” is common in research writing and reading.,「in previous work（先行研究で）」は研究論文で頻出する学術表現である。,Academic core,一般学術英文で頻出する定型表現。
800,6,in earlier work,以前の研究で,The academic frame “in earlier work” is common in research writing and reading.,「in earlier work（以前の研究で）」は研究論文で頻出する学術表現である。,Academic core,一般学術英文で頻出する定型表現。
801,6,in recent work,近年の研究で,The academic frame “in recent work” is common in research writing and reading.,「in recent work（近年の研究で）」は研究論文で頻出する学術表現である。,Academic core,一般学術英文で頻出する定型表現。
802,6,in the present study,本研究では,The academic frame “in the present study” is common in research writing and reading.,「in the present study（本研究では）」は研究論文で頻出する学術表現である。,Academic core,一般学術英文で頻出する定型表現。
803,6,in the present paper,本論文では,The academic frame “in the present paper” is common in research writing and reading.,「in the present paper（本論文では）」は研究論文で頻出する学術表現である。,Academic core,一般学術英文で頻出する定型表現。
804,6,in this paper,本論文では,The academic frame “in this paper” is common in research writing and reading.,「in this paper（本論文では）」は研究論文で頻出する学術表現である。,Academic core,一般学術英文で頻出する定型表現。
805,6,in this section,本節では,The academic frame “in this section” is common in research writing and reading.,「in this section（本節では）」は研究論文で頻出する学術表現である。,Academic core,一般学術英文で頻出する定型表現。
806,6,in the following section,次節では,The academic frame “in the following section” is common in research writing and reading.,「in the following section（次節では）」は研究論文で頻出する学術表現である。,Academic core,一般学術英文で頻出する定型表現。
807,6,in what follows,以下では,The academic frame “in what follows” is common in research writing and reading.,「in what follows（以下では）」は研究論文で頻出する学術表現である。,Academic core,一般学術英文で頻出する定型表現。
808,6,in the discussion below,以下の議論では,The academic frame “in the discussion below” is common in research writing and reading.,「in the discussion below（以下の議論では）」は研究論文で頻出する学術表現である。,Academic core,一般学術英文で頻出する定型表現。
809,6,as discussed below,以下で論じるように,The academic frame “as discussed below” is common in research writing and reading.,「as discussed below（以下で論じるように）」は研究論文で頻出する学術表現である。,Academic core,一般学術英文で頻出する定型表現。
810,6,as discussed above,上で論じたように,The academic frame “as discussed above” is common in research writing and reading.,「as discussed above（上で論じたように）」は研究論文で頻出する学術表現である。,Academic core,一般学術英文で頻出する定型表現。
811,6,as noted above,上で指摘したように,The academic frame “as noted above” is common in research writing and reading.,「as noted above（上で指摘したように）」は研究論文で頻出する学術表現である。,Academic core,一般学術英文で頻出する定型表現。
812,6,as noted earlier,先に指摘したように,The academic frame “as noted earlier” is common in research writing and reading.,「as noted earlier（先に指摘したように）」は研究論文で頻出する学術表現である。,Academic core,一般学術英文で頻出する定型表現。
813,6,as mentioned above,上で述べたように,The academic frame “as mentioned above” is common in research writing and reading.,「as mentioned above（上で述べたように）」は研究論文で頻出する学術表現である。,Academic core,一般学術英文で頻出する定型表現。
814,6,as shown below,以下に示すように,The academic frame “as shown below” is common in research writing and reading.,「as shown below（以下に示すように）」は研究論文で頻出する学術表現である。,Academic core,一般学術英文で頻出する定型表現。
815,6,as shown above,上に示したように,The academic frame “as shown above” is common in research writing and reading.,「as shown above（上に示したように）」は研究論文で頻出する学術表現である。,Academic core,一般学術英文で頻出する定型表現。
816,6,as we shall see,以下で見るように,The academic frame “as we shall see” is common in research writing and reading.,「as we shall see（以下で見るように）」は研究論文で頻出する学術表現である。,Academic core,一般学術英文で頻出する定型表現。
817,6,as we have seen,これまで見てきたように,The academic frame “as we have seen” is common in research writing and reading.,「as we have seen（これまで見てきたように）」は研究論文で頻出する学術表現である。,Academic core,一般学術英文で頻出する定型表現。
818,6,as described above,上で記述したように,The academic frame “as described above” is common in research writing and reading.,「as described above（上で記述したように）」は研究論文で頻出する学術表現である。,Academic core,一般学術英文で頻出する定型表現。
819,6,in what sense,どの意味で,The academic frame “in what sense” is common in research writing and reading.,「in what sense（どの意味で）」は研究論文で頻出する学術表現である。,Academic core,一般学術英文で頻出する定型表現。
820,6,in this respect,この点で,The academic frame “in this respect” is common in research writing and reading.,「in this respect（この点で）」は研究論文で頻出する学術表現である。,Academic core,一般学術英文で頻出する定型表現。
821,6,in that respect,その点で,The academic frame “in that respect” is common in research writing and reading.,「in that respect（その点で）」は研究論文で頻出する学術表現である。,Academic core,一般学術英文で頻出する定型表現。
822,6,in several respects,いくつかの点で,The academic frame “in several respects” is common in research writing and reading.,「in several respects（いくつかの点で）」は研究論文で頻出する学術表現である。,Academic core,一般学術英文で頻出する定型表現。
823,6,in one important respect,一つの重要な点で,The academic frame “in one important respect” is common in research writing and reading.,「in one important respect（一つの重要な点で）」は研究論文で頻出する学術表現である。,Academic core,一般学術英文で頻出する定型表現。
824,6,from this perspective,この観点から,The academic frame “from this perspective” is common in research writing and reading.,「from this perspective（この観点から）」は研究論文で頻出する学術表現である。,Academic core,一般学術英文で頻出する定型表現。
825,6,from this point of view,この観点から,The academic frame “from this point of view” is common in research writing and reading.,「from this point of view（この観点から）」は研究論文で頻出する学術表現である。,Academic core,一般学術英文で頻出する定型表現。
826,6,for present purposes,現在の目的のためには,The academic frame “for present purposes” is common in research writing and reading.,「for present purposes（現在の目的のためには）」は研究論文で頻出する学術表現である。,Academic core,一般学術英文で頻出する定型表現。
827,6,for our purposes,我々の目的のためには,The academic frame “for our purposes” is common in research writing and reading.,「for our purposes（我々の目的のためには）」は研究論文で頻出する学術表現である。,Academic core,一般学術英文で頻出する定型表現。
828,6,for the present discussion,現在の議論では,The academic frame “for the present discussion” is common in research writing and reading.,「for the present discussion（現在の議論では）」は研究論文で頻出する学術表現である。,Academic core,一般学術英文で頻出する定型表現。
829,6,for current purposes,現在の目的では,The academic frame “for current purposes” is common in research writing and reading.,「for current purposes（現在の目的では）」は研究論文で頻出する学術表現である。,Academic core,一般学術英文で頻出する定型表現。
830,6,at issue here,ここで問題となっている,The academic frame “at issue here” is common in research writing and reading.,「at issue here（ここで問題となっている）」は研究論文で頻出する学術表現である。,Academic core,一般学術英文で頻出する定型表現。
831,6,the issue at hand,当面の問題,The academic frame “the issue at hand” is common in research writing and reading.,「the issue at hand（当面の問題）」は研究論文で頻出する学術表現である。,Academic core,一般学術英文で頻出する定型表現。
832,6,the question at hand,当面の問い,The academic frame “the question at hand” is common in research writing and reading.,「the question at hand（当面の問い）」は研究論文で頻出する学術表現である。,Academic core,一般学術英文で頻出する定型表現。
833,6,in the relevant literature,関連文献では,The academic frame “in the relevant literature” is common in research writing and reading.,「in the relevant literature（関連文献では）」は研究論文で頻出する学術表現である。,Academic core,一般学術英文で頻出する定型表現。
834,6,in the existing literature,既存文献では,The academic frame “in the existing literature” is common in research writing and reading.,「in the existing literature（既存文献では）」は研究論文で頻出する学術表現である。,Academic core,一般学術英文で頻出する定型表現。
835,6,in the philosophical literature,哲学文献では,The academic frame “in the philosophical literature” is common in research writing and reading.,「in the philosophical literature（哲学文献では）」は研究論文で頻出する学術表現である。,Academic core,一般学術英文で頻出する定型表現。
836,6,with few exceptions,少数の例外を除いて,The academic frame “with few exceptions” is common in research writing and reading.,「with few exceptions（少数の例外を除いて）」は研究論文で頻出する学術表現である。,Academic core,一般学術英文で頻出する定型表現。
837,6,with one important exception,一つの重要な例外を除いて,The academic frame “with one important exception” is common in research writing and reading.,「with one important exception（一つの重要な例外を除いて）」は研究論文で頻出する学術表現である。,Academic core,一般学術英文で頻出する定型表現。
838,6,in broad outline,大まかな輪郭では,The academic frame “in broad outline” is common in research writing and reading.,「in broad outline（大まかな輪郭では）」は研究論文で頻出する学術表現である。,Academic core,一般学術英文で頻出する定型表現。
839,6,in greater detail,より詳しく,The academic frame “in greater detail” is common in research writing and reading.,「in greater detail（より詳しく）」は研究論文で頻出する学術表現である。,Academic core,一般学術英文で頻出する定型表現。
840,6,in much the same way,ほぼ同じ仕方で,The academic frame “in much the same way” is common in research writing and reading.,「in much the same way（ほぼ同じ仕方で）」は研究論文で頻出する学術表現である。,Academic core,一般学術英文で頻出する定型表現。
841,6,in a different way,異なる仕方で,The academic frame “in a different way” is common in research writing and reading.,「in a different way（異なる仕方で）」は研究論文で頻出する学術表現である。,Academic core,一般学術英文で頻出する定型表現。
842,6,X is based on Y,XはYに基づいている,The academic frame “X is based on Y” is common in research writing and reading.,「X is based on Y（XはYに基づいている）」は研究論文で頻出する学術表現である。,Academic core,一般学術英文で頻出する定型表現。
843,6,X is derived from Y,XはYから導かれる,The academic frame “X is derived from Y” is common in research writing and reading.,「X is derived from Y（XはYから導かれる）」は研究論文で頻出する学術表現である。,Academic core,一般学術英文で頻出する定型表現。
844,6,X is supported by Y,XはYによって支持される,The academic frame “X is supported by Y” is common in research writing and reading.,「X is supported by Y（XはYによって支持される）」は研究論文で頻出する学術表現である。,Academic core,一般学術英文で頻出する定型表現。
845,6,X is explained by Y,XはYによって説明される,The academic frame “X is explained by Y” is common in research writing and reading.,「X is explained by Y（XはYによって説明される）」は研究論文で頻出する学術表現である。,Academic core,一般学術英文で頻出する定型表現。
846,6,X is caused by Y,XはYによって引き起こされる,The academic frame “X is caused by Y” is common in research writing and reading.,「X is caused by Y（XはYによって引き起こされる）」は研究論文で頻出する学術表現である。,Academic core,一般学術英文で頻出する定型表現。
847,6,X is shaped by Y,XはYによって形成される,The academic frame “X is shaped by Y” is common in research writing and reading.,「X is shaped by Y（XはYによって形成される）」は研究論文で頻出する学術表現である。,Academic core,一般学術英文で頻出する定型表現。
848,6,X is influenced by Y,XはYによって影響される,The academic frame “X is influenced by Y” is common in research writing and reading.,「X is influenced by Y（XはYによって影響される）」は研究論文で頻出する学術表現である。,Academic core,一般学術英文で頻出する定型表現。
849,6,X is constrained by Y,XはYによって制約される,The academic frame “X is constrained by Y” is common in research writing and reading.,「X is constrained by Y（XはYによって制約される）」は研究論文で頻出する学術表現である。,Academic core,一般学術英文で頻出する定型表現。
850,6,X is determined by Y,XはYによって決まる,The academic frame “X is determined by Y” is common in research writing and reading.,「X is determined by Y（XはYによって決まる）」は研究論文で頻出する学術表現である。,Academic core,一般学術英文で頻出する定型表現。
851,6,X is mediated by Y,XはYによって媒介される,The academic frame “X is mediated by Y” is common in research writing and reading.,「X is mediated by Y（XはYによって媒介される）」は研究論文で頻出する学術表現である。,Academic core,一般学術英文で頻出する定型表現。
852,6,X is associated with Y,XはYと関連している,The academic frame “X is associated with Y” is common in research writing and reading.,「X is associated with Y（XはYと関連している）」は研究論文で頻出する学術表現である。,Academic core,一般学術英文で頻出する定型表現。
853,6,X is linked to Y,XはYと結びついている,The academic frame “X is linked to Y” is common in research writing and reading.,「X is linked to Y（XはYと結びついている）」は研究論文で頻出する学術表現である。,Academic core,一般学術英文で頻出する定型表現。
854,6,X is related to Y,XはYと関係している,The academic frame “X is related to Y” is common in research writing and reading.,「X is related to Y（XはYと関係している）」は研究論文で頻出する学術表現である。,Academic core,一般学術英文で頻出する定型表現。
855,6,X is rooted in Y,XはYに根ざしている,The academic frame “X is rooted in Y” is common in research writing and reading.,「X is rooted in Y（XはYに根ざしている）」は研究論文で頻出する学術表現である。,Academic core,一般学術英文で頻出する定型表現。
856,6,X is grounded in Y,XはYに基礎づけられている,The academic frame “X is grounded in Y” is common in research writing and reading.,「X is grounded in Y（XはYに基礎づけられている）」は研究論文で頻出する学術表現である。,Academic core,一般学術英文で頻出する定型表現。
857,6,X is characterized by Y,XはYによって特徴づけられる,The academic frame “X is characterized by Y” is common in research writing and reading.,「X is characterized by Y（XはYによって特徴づけられる）」は研究論文で頻出する学術表現である。,Academic core,一般学術英文で頻出する定型表現。
858,6,X is defined in terms of Y,XはYによって定義される,The academic frame “X is defined in terms of Y” is common in research writing and reading.,「X is defined in terms of Y（XはYによって定義される）」は研究論文で頻出する学術表現である。,Academic core,一般学術英文で頻出する定型表現。
859,6,X is understood in terms of Y,XはYによって理解される,The academic frame “X is understood in terms of Y” is common in research writing and reading.,「X is understood in terms of Y（XはYによって理解される）」は研究論文で頻出する学術表現である。,Academic core,一般学術英文で頻出する定型表現。
860,6,X is interpreted as Y,XはYと解釈される,The academic frame “X is interpreted as Y” is common in research writing and reading.,「X is interpreted as Y（XはYと解釈される）」は研究論文で頻出する学術表現である。,Academic core,一般学術英文で頻出する定型表現。
861,6,X is regarded as Y,XはYとみなされる,The academic frame “X is regarded as Y” is common in research writing and reading.,「X is regarded as Y（XはYとみなされる）」は研究論文で頻出する学術表現である。,Academic core,一般学術英文で頻出する定型表現。
862,6,X is treated as Y,XはYとして扱われる,The academic frame “X is treated as Y” is common in research writing and reading.,「X is treated as Y（XはYとして扱われる）」は研究論文で頻出する学術表現である。,Academic core,一般学術英文で頻出する定型表現。
863,6,X is presented as Y,XはYとして提示される,The academic frame “X is presented as Y” is common in research writing and reading.,「X is presented as Y（XはYとして提示される）」は研究論文で頻出する学術表現である。,Academic core,一般学術英文で頻出する定型表現。
864,6,X is described as Y,XはYと記述される,The academic frame “X is described as Y” is common in research writing and reading.,「X is described as Y（XはYと記述される）」は研究論文で頻出する学術表現である。,Academic core,一般学術英文で頻出する定型表現。
865,6,X is identified as Y,XはYと特定される,The academic frame “X is identified as Y” is common in research writing and reading.,「X is identified as Y（XはYと特定される）」は研究論文で頻出する学術表現である。,Academic core,一般学術英文で頻出する定型表現。
866,6,X is classified as Y,XはYに分類される,The academic frame “X is classified as Y” is common in research writing and reading.,「X is classified as Y（XはYに分類される）」は研究論文で頻出する学術表現である。,Academic core,一般学術英文で頻出する定型表現。
867,6,X is distinguished from Y,XはYから区別される,The academic frame “X is distinguished from Y” is common in research writing and reading.,「X is distinguished from Y（XはYから区別される）」は研究論文で頻出する学術表現である。,Academic core,一般学術英文で頻出する定型表現。
868,6,X is contrasted with Y,XはYと対比される,The academic frame “X is contrasted with Y” is common in research writing and reading.,「X is contrasted with Y（XはYと対比される）」は研究論文で頻出する学術表現である。,Academic core,一般学術英文で頻出する定型表現。
869,6,X is compared with Y,XはYと比較される,The academic frame “X is compared with Y” is common in research writing and reading.,「X is compared with Y（XはYと比較される）」は研究論文で頻出する学術表現である。,Academic core,一般学術英文で頻出する定型表現。
870,6,X is consistent with Y,XはYと整合する,The academic frame “X is consistent with Y” is common in research writing and reading.,「X is consistent with Y（XはYと整合する）」は研究論文で頻出する学術表現である。,Academic core,一般学術英文で頻出する定型表現。
871,6,X is incompatible with Y,XはYと両立しない,The academic frame “X is incompatible with Y” is common in research writing and reading.,「X is incompatible with Y（XはYと両立しない）」は研究論文で頻出する学術表現である。,Academic core,一般学術英文で頻出する定型表現。
872,6,X is independent of Y,XはYから独立している,The academic frame “X is independent of Y” is common in research writing and reading.,「X is independent of Y（XはYから独立している）」は研究論文で頻出する学術表現である。,Academic core,一般学術英文で頻出する定型表現。
873,6,X is dependent on Y,XはYに依存している,The academic frame “X is dependent on Y” is common in research writing and reading.,「X is dependent on Y（XはYに依存している）」は研究論文で頻出する学術表現である。,Academic core,一般学術英文で頻出する定型表現。
874,6,X is relevant to Y,XはYに関連する,The academic frame “X is relevant to Y” is common in research writing and reading.,「X is relevant to Y（XはYに関連する）」は研究論文で頻出する学術表現である。,Academic core,一般学術英文で頻出する定型表現。
875,6,X is important for Y,XはYにとって重要である,The academic frame “X is important for Y” is common in research writing and reading.,「X is important for Y（XはYにとって重要である）」は研究論文で頻出する学術表現である。,Academic core,一般学術英文で頻出する定型表現。
876,6,X is necessary for Y,XはYに必要である,The academic frame “X is necessary for Y” is common in research writing and reading.,「X is necessary for Y（XはYに必要である）」は研究論文で頻出する学術表現である。,Academic core,一般学術英文で頻出する定型表現。
877,6,X is sufficient for Y,XはYに十分である,The academic frame “X is sufficient for Y” is common in research writing and reading.,「X is sufficient for Y（XはYに十分である）」は研究論文で頻出する学術表現である。,Academic core,一般学術英文で頻出する定型表現。
878,6,X is useful for Y,XはYにとって有用である,The academic frame “X is useful for Y” is common in research writing and reading.,「X is useful for Y（XはYにとって有用である）」は研究論文で頻出する学術表現である。,Academic core,一般学術英文で頻出する定型表現。
879,6,X plays a role in Y,XはYで役割を果たす,The academic frame “X plays a role in Y” is common in research writing and reading.,「X plays a role in Y（XはYで役割を果たす）」は研究論文で頻出する学術表現である。,Academic core,一般学術英文で頻出する定型表現。
880,6,X plays a key role in Y,XはYで重要な役割を果たす,The academic frame “X plays a key role in Y” is common in research writing and reading.,「X plays a key role in Y（XはYで重要な役割を果たす）」は研究論文で頻出する学術表現である。,Academic core,一般学術英文で頻出する定型表現。
881,6,X has an effect on Y,XはYに影響を与える,The academic frame “X has an effect on Y” is common in research writing and reading.,「X has an effect on Y（XはYに影響を与える）」は研究論文で頻出する学術表現である。,Academic core,一般学術英文で頻出する定型表現。
882,6,X has an impact on Y,XはYに影響を与える,The academic frame “X has an impact on Y” is common in research writing and reading.,「X has an impact on Y（XはYに影響を与える）」は研究論文で頻出する学術表現である。,Academic core,一般学術英文で頻出する定型表現。
883,6,X has implications for Y,XはYに含意を持つ,The academic frame “X has implications for Y” is common in research writing and reading.,「X has implications for Y（XはYに含意を持つ）」は研究論文で頻出する学術表現である。,Academic core,一般学術英文で頻出する定型表現。
884,6,X provides a basis for Y,XはYの根拠を与える,The academic frame “X provides a basis for Y” is common in research writing and reading.,「X provides a basis for Y（XはYの根拠を与える）」は研究論文で頻出する学術表現である。,Academic core,一般学術英文で頻出する定型表現。
885,6,X provides support for Y,XはYを支持する,The academic frame “X provides support for Y” is common in research writing and reading.,「X provides support for Y（XはYを支持する）」は研究論文で頻出する学術表現である。,Academic core,一般学術英文で頻出する定型表現。
886,6,X provides evidence for Y,XはYの証拠を与える,The academic frame “X provides evidence for Y” is common in research writing and reading.,「X provides evidence for Y（XはYの証拠を与える）」は研究論文で頻出する学術表現である。,Academic core,一般学術英文で頻出する定型表現。
887,6,X offers an explanation of Y,XはYの説明を与える,The academic frame “X offers an explanation of Y” is common in research writing and reading.,「X offers an explanation of Y（XはYの説明を与える）」は研究論文で頻出する学術表現である。,Academic core,一般学術英文で頻出する定型表現。
888,6,X offers an account of Y,XはYについての説明を与える,The academic frame “X offers an account of Y” is common in research writing and reading.,「X offers an account of Y（XはYについての説明を与える）」は研究論文で頻出する学術表現である。,Academic core,一般学術英文で頻出する定型表現。
889,6,X can be understood as Y,XはYとして理解できる,The academic frame “X can be understood as Y” is common in research writing and reading.,「X can be understood as Y（XはYとして理解できる）」は研究論文で頻出する学術表現である。,Academic core,一般学術英文で頻出する定型表現。
890,6,X can be interpreted as Y,XはYと解釈できる,The academic frame “X can be interpreted as Y” is common in research writing and reading.,「X can be interpreted as Y（XはYと解釈できる）」は研究論文で頻出する学術表現である。,Academic core,一般学術英文で頻出する定型表現。
891,6,X can be seen as Y,XはYと見ることができる,The academic frame “X can be seen as Y” is common in research writing and reading.,「X can be seen as Y（XはYと見ることができる）」は研究論文で頻出する学術表現である。,Academic core,一般学術英文で頻出する定型表現。
892,6,X can be regarded as Y,XはYとみなすことができる,The academic frame “X can be regarded as Y” is common in research writing and reading.,「X can be regarded as Y（XはYとみなすことができる）」は研究論文で頻出する学術表現である。,Academic core,一般学術英文で頻出する定型表現。
893,6,X can be divided into Y,XはYに分けることができる,The academic frame “X can be divided into Y” is common in research writing and reading.,「X can be divided into Y（XはYに分けることができる）」は研究論文で頻出する学術表現である。,Academic core,一般学術英文で頻出する定型表現。
894,6,X can be classified as Y,XはYに分類できる,The academic frame “X can be classified as Y” is common in research writing and reading.,「X can be classified as Y（XはYに分類できる）」は研究論文で頻出する学術表現である。,Academic core,一般学術英文で頻出する定型表現。
895,6,in the event of,〜の場合には,The expression “in the event of” is useful for reading this level of academic argument.,「in the event of（〜の場合には）」はこの難易度帯の学術的議論を読むうえで有用である。,Academic core,読解時に一つの意味単位として認識する。
896,6,with the result that,その結果〜となって,The expression “with the result that” is useful for reading this level of academic argument.,「with the result that（その結果〜となって）」はこの難易度帯の学術的議論を読むうえで有用である。,Academic core,読解時に一つの意味単位として認識する。
897,6,for reasons of,〜という理由で,The expression “for reasons of” is useful for reading this level of academic argument.,「for reasons of（〜という理由で）」はこの難易度帯の学術的議論を読むうえで有用である。,Academic core,読解時に一つの意味単位として認識する。
898,6,by way of,〜として；〜を経由して,The expression “by way of” is useful for reading this level of academic argument.,「by way of（〜として；〜を経由して）」はこの難易度帯の学術的議論を読むうえで有用である。,Academic core,読解時に一つの意味単位として認識する。
899,6,in conjunction with,〜と組み合わせて,The expression “in conjunction with” is common in academic prose.,「in conjunction with（〜と組み合わせて）」は学術英文でよく使われる。,Academic core,一つの意味単位として読む。
900,6,for analytical purposes,分析上の目的のために,The expression “for analytical purposes” is common in academic prose.,「for analytical purposes（分析上の目的のために）」は学術英文でよく使われる。,Academic core,一つの意味単位として読む。
901,7,X contends that S,XはSと主張する,The reporting frame “X contends that S” is used to locate claims and evidence.,「X contends that S（XはSと主張する）」は主張や証拠の位置づけを読むために重要である。,Reporting and evidence,先行研究・報告・証拠の強さを読み分ける。
902,7,X presupposes that S,XはSを前提とする,The reporting frame “X presupposes that S” is used to locate claims and evidence.,「X presupposes that S（XはSを前提とする）」は主張や証拠の位置づけを読むために重要である。,Reporting and evidence,先行研究・報告・証拠の強さを読み分ける。
903,7,X concedes that S,XはSを認める,The reporting frame “X concedes that S” is used to locate claims and evidence.,「X concedes that S（XはSを認める）」は主張や証拠の位置づけを読むために重要である。,Reporting and evidence,先行研究・報告・証拠の強さを読み分ける。
904,7,X rejects the claim that S,XはSという主張を退ける,The reporting frame “X rejects the claim that S” is used to locate claims and evidence.,「X rejects the claim that S（XはSという主張を退ける）」は主張や証拠の位置づけを読むために重要である。,Reporting and evidence,先行研究・報告・証拠の強さを読み分ける。
905,7,X points out that S,XはSと指摘する,The reporting frame “X points out that S” is used to locate claims and evidence.,「X points out that S（XはSと指摘する）」は主張や証拠の位置づけを読むために重要である。,Reporting and evidence,先行研究・報告・証拠の強さを読み分ける。
906,7,X demonstrates that S,XはSであることを示す,The reporting frame “X demonstrates that S” is used to locate claims and evidence.,「X demonstrates that S（XはSであることを示す）」は主張や証拠の位置づけを読むために重要である。,Reporting and evidence,先行研究・報告・証拠の強さを読み分ける。
907,7,X illustrates that S,XはSを例示する,The reporting frame “X illustrates that S” is used to locate claims and evidence.,「X illustrates that S（XはSを例示する）」は主張や証拠の位置づけを読むために重要である。,Reporting and evidence,先行研究・報告・証拠の強さを読み分ける。
908,7,X finds that S,XはSであることを見いだす,The reporting frame “X finds that S” is used to locate claims and evidence.,「X finds that S（XはSであることを見いだす）」は主張や証拠の位置づけを読むために重要である。,Reporting and evidence,先行研究・報告・証拠の強さを読み分ける。
909,7,X reports that S,XはSと報告する,The reporting frame “X reports that S” is used to locate claims and evidence.,「X reports that S（XはSと報告する）」は主張や証拠の位置づけを読むために重要である。,Reporting and evidence,先行研究・報告・証拠の強さを読み分ける。
910,7,X concludes that S,XはSと結論づける,The reporting frame “X concludes that S” is used to locate claims and evidence.,「X concludes that S（XはSと結論づける）」は主張や証拠の位置づけを読むために重要である。,Reporting and evidence,先行研究・報告・証拠の強さを読み分ける。
911,7,X infers that S,XはSと推論する,The reporting frame “X infers that S” is used to locate claims and evidence.,「X infers that S（XはSと推論する）」は主張や証拠の位置づけを読むために重要である。,Reporting and evidence,先行研究・報告・証拠の強さを読み分ける。
912,7,X reasons that S,XはSと推論する,The reporting frame “X reasons that S” is used to locate claims and evidence.,「X reasons that S（XはSと推論する）」は主張や証拠の位置づけを読むために重要である。,Reporting and evidence,先行研究・報告・証拠の強さを読み分ける。
913,7,X argues against the view that S,XはSという見解に反対して論じる,The reporting frame “X argues against the view that S” is used to locate claims and evidence.,「X argues against the view that S（XはSという見解に反対して論じる）」は主張や証拠の位置づけを読むために重要である。,Reporting and evidence,先行研究・報告・証拠の強さを読み分ける。
914,7,X argues in favor of S,XはSを支持して論じる,The reporting frame “X argues in favor of S” is used to locate claims and evidence.,「X argues in favor of S（XはSを支持して論じる）」は主張や証拠の位置づけを読むために重要である。,Reporting and evidence,先行研究・報告・証拠の強さを読み分ける。
915,7,according to X,Xによれば,The reporting frame “according to X” is used to locate claims and evidence.,「according to X（Xによれば）」は主張や証拠の位置づけを読むために重要である。,Reporting and evidence,先行研究・報告・証拠の強さを読み分ける。
916,7,X distinguishes between A and B,XはAとBを区別する,The reporting frame “X distinguishes between A and B” is used to locate claims and evidence.,「X distinguishes between A and B（XはAとBを区別する）」は主張や証拠の位置づけを読むために重要である。,Reporting and evidence,先行研究・報告・証拠の強さを読み分ける。
917,7,X draws a distinction between A and B,XはAとBの区別を設ける,The reporting frame “X draws a distinction between A and B” is used to locate claims and evidence.,「X draws a distinction between A and B（XはAとBの区別を設ける）」は主張や証拠の位置づけを読むために重要である。,Reporting and evidence,先行研究・報告・証拠の強さを読み分ける。
918,7,X defines A as B,XはAをBと定義する,The reporting frame “X defines A as B” is used to locate claims and evidence.,「X defines A as B（XはAをBと定義する）」は主張や証拠の位置づけを読むために重要である。,Reporting and evidence,先行研究・報告・証拠の強さを読み分ける。
919,7,X characterizes A as B,XはAをBと特徴づける,The reporting frame “X characterizes A as B” is used to locate claims and evidence.,「X characterizes A as B（XはAをBと特徴づける）」は主張や証拠の位置づけを読むために重要である。,Reporting and evidence,先行研究・報告・証拠の強さを読み分ける。
920,7,X describes A as B,XはAをBと記述する,The reporting frame “X describes A as B” is used to locate claims and evidence.,「X describes A as B（XはAをBと記述する）」は主張や証拠の位置づけを読むために重要である。,Reporting and evidence,先行研究・報告・証拠の強さを読み分ける。
921,7,X treats A as B,XはAをBとして扱う,The reporting frame “X treats A as B” is used to locate claims and evidence.,「X treats A as B（XはAをBとして扱う）」は主張や証拠の位置づけを読むために重要である。,Reporting and evidence,先行研究・報告・証拠の強さを読み分ける。
922,7,X regards A as B,XはAをBとみなす,The reporting frame “X regards A as B” is used to locate claims and evidence.,「X regards A as B（XはAをBとみなす）」は主張や証拠の位置づけを読むために重要である。,Reporting and evidence,先行研究・報告・証拠の強さを読み分ける。
923,7,X interprets A as B,XはAをBと解釈する,The reporting frame “X interprets A as B” is used to locate claims and evidence.,「X interprets A as B（XはAをBと解釈する）」は主張や証拠の位置づけを読むために重要である。,Reporting and evidence,先行研究・報告・証拠の強さを読み分ける。
924,7,X understands A as B,XはAをBとして理解する,The reporting frame “X understands A as B” is used to locate claims and evidence.,「X understands A as B（XはAをBとして理解する）」は主張や証拠の位置づけを読むために重要である。,Reporting and evidence,先行研究・報告・証拠の強さを読み分ける。
925,7,X conceives of A as B,XはAをBと捉える,The reporting frame “X conceives of A as B” is used to locate claims and evidence.,「X conceives of A as B（XはAをBと捉える）」は主張や証拠の位置づけを読むために重要である。,Reporting and evidence,先行研究・報告・証拠の強さを読み分ける。
926,7,X criticizes Y for P,XはPの点でYを批判する,The reporting frame “X criticizes Y for P” is used to locate claims and evidence.,「X criticizes Y for P（XはPの点でYを批判する）」は主張や証拠の位置づけを読むために重要である。,Reporting and evidence,先行研究・報告・証拠の強さを読み分ける。
927,7,X objects to Y on the grounds that S,XはSという理由でYに反対する,The reporting frame “X objects to Y on the grounds that S” is used to locate claims and evidence.,「X objects to Y on the grounds that S（XはSという理由でYに反対する）」は主張や証拠の位置づけを読むために重要である。,Reporting and evidence,先行研究・報告・証拠の強さを読み分ける。
928,7,X challenges Y's claim that S,XはYのSという主張に異議を唱える,The reporting frame “X challenges Y's claim that S” is used to locate claims and evidence.,「X challenges Y's claim that S（XはYのSという主張に異議を唱える）」は主張や証拠の位置づけを読むために重要である。,Reporting and evidence,先行研究・報告・証拠の強さを読み分ける。
929,7,X responds to Y by P,XはPによってYに応答する,The reporting frame “X responds to Y by P” is used to locate claims and evidence.,「X responds to Y by P（XはPによってYに応答する）」は主張や証拠の位置づけを読むために重要である。,Reporting and evidence,先行研究・報告・証拠の強さを読み分ける。
930,7,X agrees with Y that S,XはSという点でYに同意する,The reporting frame “X agrees with Y that S” is used to locate claims and evidence.,「X agrees with Y that S（XはSという点でYに同意する）」は主張や証拠の位置づけを読むために重要である。,Reporting and evidence,先行研究・報告・証拠の強さを読み分ける。
931,7,X disagrees with Y about P,XはPについてYと意見が異なる,The reporting frame “X disagrees with Y about P” is used to locate claims and evidence.,「X disagrees with Y about P（XはPについてYと意見が異なる）」は主張や証拠の位置づけを読むために重要である。,Reporting and evidence,先行研究・報告・証拠の強さを読み分ける。
932,7,X builds on Y's account of P,XはPについてのYの説明を土台にする,The reporting frame “X builds on Y's account of P” is used to locate claims and evidence.,「X builds on Y's account of P（XはPについてのYの説明を土台にする）」は主張や証拠の位置づけを読むために重要である。,Reporting and evidence,先行研究・報告・証拠の強さを読み分ける。
933,7,X extends Y's argument to P,XはYの論証をPへ拡張する,The reporting frame “X extends Y's argument to P” is used to locate claims and evidence.,「X extends Y's argument to P（XはYの論証をPへ拡張する）」は主張や証拠の位置づけを読むために重要である。,Reporting and evidence,先行研究・報告・証拠の強さを読み分ける。
934,7,X modifies Y's account,XはYの説明を修正する,The reporting frame “X modifies Y's account” is used to locate claims and evidence.,「X modifies Y's account（XはYの説明を修正する）」は主張や証拠の位置づけを読むために重要である。,Reporting and evidence,先行研究・報告・証拠の強さを読み分ける。
935,7,X rejects Y's definition of P,XはPについてのYの定義を退ける,The reporting frame “X rejects Y's definition of P” is used to locate claims and evidence.,「X rejects Y's definition of P（XはPについてのYの定義を退ける）」は主張や証拠の位置づけを読むために重要である。,Reporting and evidence,先行研究・報告・証拠の強さを読み分ける。
936,7,previous studies have shown that S,先行研究はSを示してきた,The reporting frame “previous studies have shown that S” is used to locate claims and evidence.,「previous studies have shown that S（先行研究はSを示してきた）」は主張や証拠の位置づけを読むために重要である。,Reporting and evidence,先行研究・報告・証拠の強さを読み分ける。
937,7,previous research suggests that S,先行研究はSを示唆する,The reporting frame “previous research suggests that S” is used to locate claims and evidence.,「previous research suggests that S（先行研究はSを示唆する）」は主張や証拠の位置づけを読むために重要である。,Reporting and evidence,先行研究・報告・証拠の強さを読み分ける。
938,7,recent work has emphasized P,近年の研究はPを強調している,The reporting frame “recent work has emphasized P” is used to locate claims and evidence.,「recent work has emphasized P（近年の研究はPを強調している）」は主張や証拠の位置づけを読むために重要である。,Reporting and evidence,先行研究・報告・証拠の強さを読み分ける。
939,7,the literature has focused on P,先行研究はPに焦点を当ててきた,The reporting frame “the literature has focused on P” is used to locate claims and evidence.,「the literature has focused on P（先行研究はPに焦点を当ててきた）」は主張や証拠の位置づけを読むために重要である。,Reporting and evidence,先行研究・報告・証拠の強さを読み分ける。
940,7,the literature has largely ignored P,先行研究はPを大部分無視してきた,The reporting frame “the literature has largely ignored P” is used to locate claims and evidence.,「the literature has largely ignored P（先行研究はPを大部分無視してきた）」は主張や証拠の位置づけを読むために重要である。,Reporting and evidence,先行研究・報告・証拠の強さを読み分ける。
941,7,few studies have examined P,Pを検討した研究は少ない,The reporting frame “few studies have examined P” is used to locate claims and evidence.,「few studies have examined P（Pを検討した研究は少ない）」は主張や証拠の位置づけを読むために重要である。,Reporting and evidence,先行研究・報告・証拠の強さを読み分ける。
942,7,little attention has been paid to P,Pにはほとんど注意が払われてこなかった,The reporting frame “little attention has been paid to P” is used to locate claims and evidence.,「little attention has been paid to P（Pにはほとんど注意が払われてこなかった）」は主張や証拠の位置づけを読むために重要である。,Reporting and evidence,先行研究・報告・証拠の強さを読み分ける。
943,7,there has been growing interest in P,Pへの関心が高まってきた,The reporting frame “there has been growing interest in P” is used to locate claims and evidence.,「there has been growing interest in P（Pへの関心が高まってきた）」は主張や証拠の位置づけを読むために重要である。,Reporting and evidence,先行研究・報告・証拠の強さを読み分ける。
944,7,a growing body of research suggests S,増えつつある研究群はSを示唆する,The reporting frame “a growing body of research suggests S” is used to locate claims and evidence.,「a growing body of research suggests S（増えつつある研究群はSを示唆する）」は主張や証拠の位置づけを読むために重要である。,Reporting and evidence,先行研究・報告・証拠の強さを読み分ける。
945,7,the existing literature provides evidence for P,既存文献はPを支持する証拠を与える,The reporting frame “the existing literature provides evidence for P” is used to locate claims and evidence.,「the existing literature provides evidence for P（既存文献はPを支持する証拠を与える）」は主張や証拠の位置づけを読むために重要である。,Reporting and evidence,先行研究・報告・証拠の強さを読み分ける。
946,7,the literature is divided on whether S,Sかどうかについて先行研究は分かれている,The reporting frame “the literature is divided on whether S” is used to locate claims and evidence.,「the literature is divided on whether S（Sかどうかについて先行研究は分かれている）」は主張や証拠の位置づけを読むために重要である。,Reporting and evidence,先行研究・報告・証拠の強さを読み分ける。
947,7,there is considerable debate over P,Pをめぐってかなりの論争がある,The reporting frame “there is considerable debate over P” is used to locate claims and evidence.,「there is considerable debate over P（Pをめぐってかなりの論争がある）」は主張や証拠の位置づけを読むために重要である。,Reporting and evidence,先行研究・報告・証拠の強さを読み分ける。
948,7,there is broad agreement that S,Sについて広い合意がある,The reporting frame “there is broad agreement that S” is used to locate claims and evidence.,「there is broad agreement that S（Sについて広い合意がある）」は主張や証拠の位置づけを読むために重要である。,Reporting and evidence,先行研究・報告・証拠の強さを読み分ける。
949,7,there is no consensus on P,Pについて合意はない,The reporting frame “there is no consensus on P” is used to locate claims and evidence.,「there is no consensus on P（Pについて合意はない）」は主張や証拠の位置づけを読むために重要である。,Reporting and evidence,先行研究・報告・証拠の強さを読み分ける。
950,7,one influential view holds that S,影響力のある一つの見解はSとする,The reporting frame “one influential view holds that S” is used to locate claims and evidence.,「one influential view holds that S（影響力のある一つの見解はSとする）」は主張や証拠の位置づけを読むために重要である。,Reporting and evidence,先行研究・報告・証拠の強さを読み分ける。
951,7,a common assumption is that S,一般的な前提はSである,The reporting frame “a common assumption is that S” is used to locate claims and evidence.,「a common assumption is that S（一般的な前提はSである）」は主張や証拠の位置づけを読むために重要である。,Reporting and evidence,先行研究・報告・証拠の強さを読み分ける。
952,7,a standard objection is that S,標準的な反論はSである,The reporting frame “a standard objection is that S” is used to locate claims and evidence.,「a standard objection is that S（標準的な反論はSである）」は主張や証拠の位置づけを読むために重要である。,Reporting and evidence,先行研究・報告・証拠の強さを読み分ける。
953,7,one line of argument holds that S,一つの論証の流れはSとする,The reporting frame “one line of argument holds that S” is used to locate claims and evidence.,「one line of argument holds that S（一つの論証の流れはSとする）」は主張や証拠の位置づけを読むために重要である。,Reporting and evidence,先行研究・報告・証拠の強さを読み分ける。
954,7,another line of thought suggests S,別の議論の流れはSを示唆する,The reporting frame “another line of thought suggests S” is used to locate claims and evidence.,「another line of thought suggests S（別の議論の流れはSを示唆する）」は主張や証拠の位置づけを読むために重要である。,Reporting and evidence,先行研究・報告・証拠の強さを読み分ける。
955,7,a competing account explains P in terms of Q,競合する説明はPをQによって説明する,The reporting frame “a competing account explains P in terms of Q” is used to locate claims and evidence.,「a competing account explains P in terms of Q（競合する説明はPをQによって説明する）」は主張や証拠の位置づけを読むために重要である。,Reporting and evidence,先行研究・報告・証拠の強さを読み分ける。
956,7,this interpretation is supported by P,この解釈はPによって支持される,The reporting frame “this interpretation is supported by P” is used to locate claims and evidence.,「this interpretation is supported by P（この解釈はPによって支持される）」は主張や証拠の位置づけを読むために重要である。,Reporting and evidence,先行研究・報告・証拠の強さを読み分ける。
957,7,this interpretation is challenged by P,この解釈はPによって疑問視される,The reporting frame “this interpretation is challenged by P” is used to locate claims and evidence.,「this interpretation is challenged by P（この解釈はPによって疑問視される）」は主張や証拠の位置づけを読むために重要である。,Reporting and evidence,先行研究・報告・証拠の強さを読み分ける。
958,7,this reading is consistent with P,この読みはPと整合する,The reporting frame “this reading is consistent with P” is used to locate claims and evidence.,「this reading is consistent with P（この読みはPと整合する）」は主張や証拠の位置づけを読むために重要である。,Reporting and evidence,先行研究・報告・証拠の強さを読み分ける。
959,7,this reading conflicts with P,この読みはPと衝突する,The reporting frame “this reading conflicts with P” is used to locate claims and evidence.,「this reading conflicts with P（この読みはPと衝突する）」は主張や証拠の位置づけを読むために重要である。,Reporting and evidence,先行研究・報告・証拠の強さを読み分ける。
960,7,this evidence should be treated with caution,この証拠は慎重に扱うべきである,The reporting frame “this evidence should be treated with caution” is used to locate claims and evidence.,「this evidence should be treated with caution（この証拠は慎重に扱うべきである）」は主張や証拠の位置づけを読むために重要である。,Reporting and evidence,先行研究・報告・証拠の強さを読み分ける。
961,7,the available evidence remains limited,利用可能な証拠は依然として限られている,The reporting frame “the available evidence remains limited” is used to locate claims and evidence.,「the available evidence remains limited（利用可能な証拠は依然として限られている）」は主張や証拠の位置づけを読むために重要である。,Reporting and evidence,先行研究・報告・証拠の強さを読み分ける。
962,7,the evidence is mixed,証拠は一貫していない,The reporting frame “the evidence is mixed” is used to locate claims and evidence.,「the evidence is mixed（証拠は一貫していない）」は主張や証拠の位置づけを読むために重要である。,Reporting and evidence,先行研究・報告・証拠の強さを読み分ける。
963,7,the evidence is inconclusive,証拠は決定的ではない,The reporting frame “the evidence is inconclusive” is used to locate claims and evidence.,「the evidence is inconclusive（証拠は決定的ではない）」は主張や証拠の位置づけを読むために重要である。,Reporting and evidence,先行研究・報告・証拠の強さを読み分ける。
964,7,the evidence is compatible with more than one explanation,証拠は複数の説明と両立する,The reporting frame “the evidence is compatible with more than one explanation” is used to locate claims and evidence.,「the evidence is compatible with more than one explanation（証拠は複数の説明と両立する）」は主張や証拠の位置づけを読むために重要である。,Reporting and evidence,先行研究・報告・証拠の強さを読み分ける。
965,7,the evidence suggests that S,証拠はSを示唆する,The reporting frame “the evidence suggests that S” is used to locate claims and evidence.,「the evidence suggests that S（証拠はSを示唆する）」は主張や証拠の位置づけを読むために重要である。,Reporting and evidence,先行研究・報告・証拠の強さを読み分ける。
966,7,the evidence indicates that S,証拠はSを示す,The reporting frame “the evidence indicates that S” is used to locate claims and evidence.,「the evidence indicates that S（証拠はSを示す）」は主張や証拠の位置づけを読むために重要である。,Reporting and evidence,先行研究・報告・証拠の強さを読み分ける。
967,7,the evidence shows that S,証拠はSを示す,The reporting frame “the evidence shows that S” is used to locate claims and evidence.,「the evidence shows that S（証拠はSを示す）」は主張や証拠の位置づけを読むために重要である。,Reporting and evidence,先行研究・報告・証拠の強さを読み分ける。
968,7,the evidence supports the claim that S,証拠はSという主張を支持する,The reporting frame “the evidence supports the claim that S” is used to locate claims and evidence.,「the evidence supports the claim that S（証拠はSという主張を支持する）」は主張や証拠の位置づけを読むために重要である。,Reporting and evidence,先行研究・報告・証拠の強さを読み分ける。
969,7,the evidence does not support the claim that S,証拠はSという主張を支持しない,The reporting frame “the evidence does not support the claim that S” is used to locate claims and evidence.,「the evidence does not support the claim that S（証拠はSという主張を支持しない）」は主張や証拠の位置づけを読むために重要である。,Reporting and evidence,先行研究・報告・証拠の強さを読み分ける。
970,7,there is evidence for P,Pを支持する証拠がある,The reporting frame “there is evidence for P” is used to locate claims and evidence.,「there is evidence for P（Pを支持する証拠がある）」は主張や証拠の位置づけを読むために重要である。,Reporting and evidence,先行研究・報告・証拠の強さを読み分ける。
971,7,there is evidence against P,Pに反する証拠がある,The reporting frame “there is evidence against P” is used to locate claims and evidence.,「there is evidence against P（Pに反する証拠がある）」は主張や証拠の位置づけを読むために重要である。,Reporting and evidence,先行研究・報告・証拠の強さを読み分ける。
972,7,there is little evidence for P,Pを支持する証拠はほとんどない,The reporting frame “there is little evidence for P” is used to locate claims and evidence.,「there is little evidence for P（Pを支持する証拠はほとんどない）」は主張や証拠の位置づけを読むために重要である。,Reporting and evidence,先行研究・報告・証拠の強さを読み分ける。
973,7,there is strong evidence that S,Sである強い証拠がある,The reporting frame “there is strong evidence that S” is used to locate claims and evidence.,「there is strong evidence that S（Sである強い証拠がある）」は主張や証拠の位置づけを読むために重要である。,Reporting and evidence,先行研究・報告・証拠の強さを読み分ける。
974,7,there is insufficient evidence to,〜するには証拠が不十分である,The reporting frame “there is insufficient evidence to” is used to locate claims and evidence.,「there is insufficient evidence to（〜するには証拠が不十分である）」は主張や証拠の位置づけを読むために重要である。,Reporting and evidence,先行研究・報告・証拠の強さを読み分ける。
975,7,the findings suggest that S,知見はSを示唆する,The reporting frame “the findings suggest that S” is used to locate claims and evidence.,「the findings suggest that S（知見はSを示唆する）」は主張や証拠の位置づけを読むために重要である。,Reporting and evidence,先行研究・報告・証拠の強さを読み分ける。
976,7,the results indicate that S,結果はSを示す,The reporting frame “the results indicate that S” is used to locate claims and evidence.,「the results indicate that S（結果はSを示す）」は主張や証拠の位置づけを読むために重要である。,Reporting and evidence,先行研究・報告・証拠の強さを読み分ける。
977,7,the results are consistent with P,結果はPと整合する,The reporting frame “the results are consistent with P” is used to locate claims and evidence.,「the results are consistent with P（結果はPと整合する）」は主張や証拠の位置づけを読むために重要である。,Reporting and evidence,先行研究・報告・証拠の強さを読み分ける。
978,7,the results are inconsistent with P,結果はPと整合しない,The reporting frame “the results are inconsistent with P” is used to locate claims and evidence.,「the results are inconsistent with P（結果はPと整合しない）」は主張や証拠の位置づけを読むために重要である。,Reporting and evidence,先行研究・報告・証拠の強さを読み分ける。
979,7,the data provide support for P,データはPを支持する,The reporting frame “the data provide support for P” is used to locate claims and evidence.,「the data provide support for P（データはPを支持する）」は主張や証拠の位置づけを読むために重要である。,Reporting and evidence,先行研究・報告・証拠の強さを読み分ける。
980,7,the data provide no support for P,データはPを支持しない,The reporting frame “the data provide no support for P” is used to locate claims and evidence.,「the data provide no support for P（データはPを支持しない）」は主張や証拠の位置づけを読むために重要である。,Reporting and evidence,先行研究・報告・証拠の強さを読み分ける。
981,7,this provides evidence that S,これはSである証拠を与える,The reporting frame “this provides evidence that S” is used to locate claims and evidence.,「this provides evidence that S（これはSである証拠を与える）」は主張や証拠の位置づけを読むために重要である。,Reporting and evidence,先行研究・報告・証拠の強さを読み分ける。
982,7,this is consistent with P,これはPと整合する,The reporting frame “this is consistent with P” is used to locate claims and evidence.,「this is consistent with P（これはPと整合する）」は主張や証拠の位置づけを読むために重要である。,Reporting and evidence,先行研究・報告・証拠の強さを読み分ける。
983,7,this is evidence of P,これはPの証拠である,The reporting frame “this is evidence of P” is used to locate claims and evidence.,「this is evidence of P（これはPの証拠である）」は主張や証拠の位置づけを読むために重要である。,Reporting and evidence,先行研究・報告・証拠の強さを読み分ける。
984,7,this supports the idea that S,これはSという考えを支持する,The reporting frame “this supports the idea that S” is used to locate claims and evidence.,「this supports the idea that S（これはSという考えを支持する）」は主張や証拠の位置づけを読むために重要である。,Reporting and evidence,先行研究・報告・証拠の強さを読み分ける。
985,7,this raises the possibility that S,これはSという可能性を提起する,The reporting frame “this raises the possibility that S” is used to locate claims and evidence.,「this raises the possibility that S（これはSという可能性を提起する）」は主張や証拠の位置づけを読むために重要である。,Reporting and evidence,先行研究・報告・証拠の強さを読み分ける。
986,7,this raises the question of whether S,これはSかどうかという問いを提起する,The reporting frame “this raises the question of whether S” is used to locate claims and evidence.,「this raises the question of whether S（これはSかどうかという問いを提起する）」は主張や証拠の位置づけを読むために重要である。,Reporting and evidence,先行研究・報告・証拠の強さを読み分ける。
987,7,this calls into question P,これはPに疑問を投げかける,The reporting frame “this calls into question P” is used to locate claims and evidence.,「this calls into question P（これはPに疑問を投げかける）」は主張や証拠の位置づけを読むために重要である。,Reporting and evidence,先行研究・報告・証拠の強さを読み分ける。
988,7,this casts doubt on P,これはPに疑いを投げかける,The reporting frame “this casts doubt on P” is used to locate claims and evidence.,「this casts doubt on P（これはPに疑いを投げかける）」は主張や証拠の位置づけを読むために重要である。,Reporting and evidence,先行研究・報告・証拠の強さを読み分ける。
989,7,this lends support to P,これはPを支持する,The reporting frame “this lends support to P” is used to locate claims and evidence.,「this lends support to P（これはPを支持する）」は主張や証拠の位置づけを読むために重要である。,Reporting and evidence,先行研究・報告・証拠の強さを読み分ける。
990,7,this provides a basis for P,これはPの根拠を与える,The reporting frame “this provides a basis for P” is used to locate claims and evidence.,「this provides a basis for P（これはPの根拠を与える）」は主張や証拠の位置づけを読むために重要である。,Reporting and evidence,先行研究・報告・証拠の強さを読み分ける。
991,7,this can be explained by P,これはPによって説明できる,The reporting frame “this can be explained by P” is used to locate claims and evidence.,「this can be explained by P（これはPによって説明できる）」は主張や証拠の位置づけを読むために重要である。,Reporting and evidence,先行研究・報告・証拠の強さを読み分ける。
992,7,this may be due to P,これはPによるのかもしれない,The reporting frame “this may be due to P” is used to locate claims and evidence.,「this may be due to P（これはPによるのかもしれない）」は主張や証拠の位置づけを読むために重要である。,Reporting and evidence,先行研究・報告・証拠の強さを読み分ける。
993,7,this may reflect P,これはPを反映しているかもしれない,The reporting frame “this may reflect P” is used to locate claims and evidence.,「this may reflect P（これはPを反映しているかもしれない）」は主張や証拠の位置づけを読むために重要である。,Reporting and evidence,先行研究・報告・証拠の強さを読み分ける。
994,7,this may result from P,これはPから生じるかもしれない,The reporting frame “this may result from P” is used to locate claims and evidence.,「this may result from P（これはPから生じるかもしれない）」は主張や証拠の位置づけを読むために重要である。,Reporting and evidence,先行研究・報告・証拠の強さを読み分ける。
995,7,earlier studies reported that S,以前の研究はSと報告した,The reporting frame “earlier studies reported that S” is used to locate claims and evidence.,「earlier studies reported that S（以前の研究はSと報告した）」は主張や証拠の位置づけを読むために重要である。,Reporting and evidence,先行研究・報告・証拠の強さを読み分ける。
996,7,more recent studies suggest that S,より最近の研究はSを示唆する,The reporting frame “more recent studies suggest that S” is used to locate claims and evidence.,「more recent studies suggest that S（より最近の研究はSを示唆する）」は主張や証拠の位置づけを読むために重要である。,Reporting and evidence,先行研究・報告・証拠の強さを読み分ける。
997,7,several authors have argued that S,複数の著者がSと論じてきた,The reporting frame “several authors have argued that S” is used to locate claims and evidence.,「several authors have argued that S（複数の著者がSと論じてきた）」は主張や証拠の位置づけを読むために重要である。,Reporting and evidence,先行研究・報告・証拠の強さを読み分ける。
998,7,some authors have questioned whether S,一部の著者はSかどうかを疑問視してきた,The reporting frame “some authors have questioned whether S” is used to locate claims and evidence.,「some authors have questioned whether S（一部の著者はSかどうかを疑問視してきた）」は主張や証拠の位置づけを読むために重要である。,Reporting and evidence,先行研究・報告・証拠の強さを読み分ける。
999,7,others have rejected P,他の研究者はPを退けてきた,The reporting frame “others have rejected P” is used to locate claims and evidence.,「others have rejected P（他の研究者はPを退けてきた）」は主張や証拠の位置づけを読むために重要である。,Reporting and evidence,先行研究・報告・証拠の強さを読み分ける。
1000,7,the debate has shifted toward P,論争はPへと移ってきた,The reporting frame “the debate has shifted toward P” is used to locate claims and evidence.,「the debate has shifted toward P（論争はPへと移ってきた）」は主張や証拠の位置づけを読むために重要である。,Reporting and evidence,先行研究・報告・証拠の強さを読み分ける。
1001,7,the literature can be divided into X and Y,先行研究はXとYに分けられる,The reporting frame “the literature can be divided into X and Y” is used to locate claims and evidence.,「the literature can be divided into X and Y（先行研究はXとYに分けられる）」は主張や証拠の位置づけを読むために重要である。,Reporting and evidence,先行研究・報告・証拠の強さを読み分ける。
1002,7,two broad approaches can be identified,二つの大きなアプローチを特定できる,The reporting frame “two broad approaches can be identified” is used to locate claims and evidence.,「two broad approaches can be identified（二つの大きなアプローチを特定できる）」は主張や証拠の位置づけを読むために重要である。,Reporting and evidence,先行研究・報告・証拠の強さを読み分ける。
1003,7,one approach focuses on P,一つのアプローチはPに焦点を当てる,The reporting frame “one approach focuses on P” is used to locate claims and evidence.,「one approach focuses on P（一つのアプローチはPに焦点を当てる）」は主張や証拠の位置づけを読むために重要である。,Reporting and evidence,先行研究・報告・証拠の強さを読み分ける。
1004,7,another approach emphasizes Q,別のアプローチはQを強調する,The reporting frame “another approach emphasizes Q” is used to locate claims and evidence.,「another approach emphasizes Q（別のアプローチはQを強調する）」は主張や証拠の位置づけを読むために重要である。,Reporting and evidence,先行研究・報告・証拠の強さを読み分ける。
1005,7,these accounts share the assumption that S,これらの説明はSという前提を共有する,The reporting frame “these accounts share the assumption that S” is used to locate claims and evidence.,「these accounts share the assumption that S（これらの説明はSという前提を共有する）」は主張や証拠の位置づけを読むために重要である。,Reporting and evidence,先行研究・報告・証拠の強さを読み分ける。
1006,7,these accounts differ over P,これらの説明はPについて異なる,The reporting frame “these accounts differ over P” is used to locate claims and evidence.,「these accounts differ over P（これらの説明はPについて異なる）」は主張や証拠の位置づけを読むために重要である。,Reporting and evidence,先行研究・報告・証拠の強さを読み分ける。
1007,7,the present paper builds on P,本論文はPを土台にする,The reporting frame “the present paper builds on P” is used to locate claims and evidence.,「the present paper builds on P（本論文はPを土台にする）」は主張や証拠の位置づけを読むために重要である。,Reporting and evidence,先行研究・報告・証拠の強さを読み分ける。
1008,7,the present paper departs from P,本論文はPから離れる,The reporting frame “the present paper departs from P” is used to locate claims and evidence.,「the present paper departs from P（本論文はPから離れる）」は主張や証拠の位置づけを読むために重要である。,Reporting and evidence,先行研究・報告・証拠の強さを読み分ける。
1009,7,the present paper extends P,本論文はPを拡張する,The reporting frame “the present paper extends P” is used to locate claims and evidence.,「the present paper extends P（本論文はPを拡張する）」は主張や証拠の位置づけを読むために重要である。,Reporting and evidence,先行研究・報告・証拠の強さを読み分ける。
1010,7,the present paper challenges P,本論文はPに異議を唱える,The reporting frame “the present paper challenges P” is used to locate claims and evidence.,「the present paper challenges P（本論文はPに異議を唱える）」は主張や証拠の位置づけを読むために重要である。,Reporting and evidence,先行研究・報告・証拠の強さを読み分ける。
1011,7,the present analysis supports P,本分析はPを支持する,The reporting frame “the present analysis supports P” is used to locate claims and evidence.,「the present analysis supports P（本分析はPを支持する）」は主張や証拠の位置づけを読むために重要である。,Reporting and evidence,先行研究・報告・証拠の強さを読み分ける。
1012,7,the present analysis suggests S,本分析はSを示唆する,The reporting frame “the present analysis suggests S” is used to locate claims and evidence.,「the present analysis suggests S（本分析はSを示唆する）」は主張や証拠の位置づけを読むために重要である。,Reporting and evidence,先行研究・報告・証拠の強さを読み分ける。
1013,7,the current findings are consistent with P,現在の知見はPと整合する,The reporting frame “the current findings are consistent with P” is used to locate claims and evidence.,「the current findings are consistent with P（現在の知見はPと整合する）」は主張や証拠の位置づけを読むために重要である。,Reporting and evidence,先行研究・報告・証拠の強さを読み分ける。
1014,7,the current findings differ from P,現在の知見はPと異なる,The reporting frame “the current findings differ from P” is used to locate claims and evidence.,「the current findings differ from P（現在の知見はPと異なる）」は主張や証拠の位置づけを読むために重要である。,Reporting and evidence,先行研究・報告・証拠の強さを読み分ける。
1015,7,a possible explanation is that S,一つの可能な説明はSである,The reporting frame “a possible explanation is that S” is used to locate claims and evidence.,「a possible explanation is that S（一つの可能な説明はSである）」は主張や証拠の位置づけを読むために重要である。,Reporting and evidence,先行研究・報告・証拠の強さを読み分ける。
1016,7,one interpretation is that S,一つの解釈はSである,The reporting frame “one interpretation is that S” is used to locate claims and evidence.,「one interpretation is that S（一つの解釈はSである）」は主張や証拠の位置づけを読むために重要である。,Reporting and evidence,先行研究・報告・証拠の強さを読み分ける。
1017,7,an alternative interpretation is that S,代替的な解釈はSである,The reporting frame “an alternative interpretation is that S” is used to locate claims and evidence.,「an alternative interpretation is that S（代替的な解釈はSである）」は主張や証拠の位置づけを読むために重要である。,Reporting and evidence,先行研究・報告・証拠の強さを読み分ける。
1018,7,a more cautious interpretation is that S,より慎重な解釈はSである,The reporting frame “a more cautious interpretation is that S” is used to locate claims and evidence.,「a more cautious interpretation is that S（より慎重な解釈はSである）」は主張や証拠の位置づけを読むために重要である。,Reporting and evidence,先行研究・報告・証拠の強さを読み分ける。
1019,7,the strongest evidence comes from P,最も強い証拠はPから得られる,The reporting frame “the strongest evidence comes from P” is used to locate claims and evidence.,「the strongest evidence comes from P（最も強い証拠はPから得られる）」は主張や証拠の位置づけを読むために重要である。,Reporting and evidence,先行研究・報告・証拠の強さを読み分ける。
1020,7,the available data do not settle P,利用可能なデータはPを決着させない,The reporting frame “the available data do not settle P” is used to locate claims and evidence.,「the available data do not settle P（利用可能なデータはPを決着させない）」は主張や証拠の位置づけを読むために重要である。,Reporting and evidence,先行研究・報告・証拠の強さを読み分ける。
1021,7,the data are compatible with P,データはPと両立する,The reporting frame “the data are compatible with P” is used to locate claims and evidence.,「the data are compatible with P（データはPと両立する）」は主張や証拠の位置づけを読むために重要である。,Reporting and evidence,先行研究・報告・証拠の強さを読み分ける。
1022,7,the data cannot distinguish between P and Q,データはPとQを区別できない,The reporting frame “the data cannot distinguish between P and Q” is used to locate claims and evidence.,「the data cannot distinguish between P and Q（データはPとQを区別できない）」は主張や証拠の位置づけを読むために重要である。,Reporting and evidence,先行研究・報告・証拠の強さを読み分ける。
1023,7,the evidence favors P over Q,証拠はQよりPを支持する,The reporting frame “the evidence favors P over Q” is used to locate claims and evidence.,「the evidence favors P over Q（証拠はQよりPを支持する）」は主張や証拠の位置づけを読むために重要である。,Reporting and evidence,先行研究・報告・証拠の強さを読み分ける。
1024,7,the evidence weighs against P,証拠はPに不利である,The reporting frame “the evidence weighs against P” is used to locate claims and evidence.,「the evidence weighs against P（証拠はPに不利である）」は主張や証拠の位置づけを読むために重要である。,Reporting and evidence,先行研究・報告・証拠の強さを読み分ける。
1025,7,P is supported by multiple lines of evidence,Pは複数の証拠の流れによって支持される,The reporting frame “P is supported by multiple lines of evidence” is used to locate claims and evidence.,「P is supported by multiple lines of evidence（Pは複数の証拠の流れによって支持される）」は主張や証拠の位置づけを読むために重要である。,Reporting and evidence,先行研究・報告・証拠の強さを読み分ける。
1026,7,P remains empirically underdetermined,Pは経験的に決定不全のままである,The reporting frame “P remains empirically underdetermined” is used to locate claims and evidence.,「P remains empirically underdetermined（Pは経験的に決定不全のままである）」は主張や証拠の位置づけを読むために重要である。,Reporting and evidence,先行研究・報告・証拠の強さを読み分ける。
1027,7,X reviews the literature on P,XはPに関する先行研究を検討する,The expression “X reviews the literature on P” is useful for reading this level of academic argument.,「X reviews the literature on P（XはPに関する先行研究を検討する）」はこの難易度帯の学術的議論を読むうえで有用である。,Reporting and evidence,読解時に一つの意味単位として認識する。
1028,7,X summarizes previous work on P,XはPに関する先行研究を要約する,The expression “X summarizes previous work on P” is useful for reading this level of academic argument.,「X summarizes previous work on P（XはPに関する先行研究を要約する）」はこの難易度帯の学術的議論を読むうえで有用である。,Reporting and evidence,読解時に一つの意味単位として認識する。
1029,7,X draws on evidence from P,XはPからの証拠を利用する,The expression “X draws on evidence from P” is useful for reading this level of academic argument.,「X draws on evidence from P（XはPからの証拠を利用する）」はこの難易度帯の学術的議論を読むうえで有用である。,Reporting and evidence,読解時に一つの意味単位として認識する。
1030,7,X cites P as evidence for Q,XはQの証拠としてPを引用する,The expression “X cites P as evidence for Q” is useful for reading this level of academic argument.,「X cites P as evidence for Q（XはQの証拠としてPを引用する）」はこの難易度帯の学術的議論を読むうえで有用である。,Reporting and evidence,読解時に一つの意味単位として認識する。
1031,7,X questions the assumption that S,XはSという前提に疑問を呈する,The expression “X questions the assumption that S” is useful for reading this level of academic argument.,「X questions the assumption that S（XはSという前提に疑問を呈する）」はこの難易度帯の学術的議論を読むうえで有用である。,Reporting and evidence,読解時に一つの意味単位として認識する。
1032,7,X revises the claim that S,XはSという主張を修正する,The expression “X revises the claim that S” is useful for reading this level of academic argument.,「X revises the claim that S（XはSという主張を修正する）」はこの難易度帯の学術的議論を読むうえで有用である。,Reporting and evidence,読解時に一つの意味単位として認識する。
1033,7,X qualifies the claim that S,XはSという主張に限定を加える,The expression “X qualifies the claim that S” is useful for reading this level of academic argument.,「X qualifies the claim that S（XはSという主張に限定を加える）」はこの難易度帯の学術的議論を読むうえで有用である。,Reporting and evidence,読解時に一つの意味単位として認識する。
1034,7,X provides evidence that S,XはSである証拠を与える,The expression “X provides evidence that S” is useful for reading this level of academic argument.,「X provides evidence that S（XはSである証拠を与える）」はこの難易度帯の学術的議論を読むうえで有用である。,Reporting and evidence,読解時に一つの意味単位として認識する。
1035,7,X provides no evidence that S,XはSである証拠を与えない,The expression “X provides no evidence that S” is useful for reading this level of academic argument.,「X provides no evidence that S（XはSである証拠を与えない）」はこの難易度帯の学術的議論を読むうえで有用である。,Reporting and evidence,読解時に一つの意味単位として認識する。
1036,7,X offers an alternative explanation of P,XはPの代替説明を提示する,The expression “X offers an alternative explanation of P” is useful for reading this level of academic argument.,「X offers an alternative explanation of P（XはPの代替説明を提示する）」はこの難易度帯の学術的議論を読むうえで有用である。,Reporting and evidence,読解時に一つの意味単位として認識する。
1037,7,X identifies a gap in the literature,Xは先行研究の空白を指摘する,The expression “X identifies a gap in the literature” is useful for reading this level of academic argument.,「X identifies a gap in the literature（Xは先行研究の空白を指摘する）」はこの難易度帯の学術的議論を読むうえで有用である。,Reporting and evidence,読解時に一つの意味単位として認識する。
1038,7,X identifies a limitation of P,XはPの限界を指摘する,The expression “X identifies a limitation of P” is useful for reading this level of academic argument.,「X identifies a limitation of P（XはPの限界を指摘する）」はこの難易度帯の学術的議論を読むうえで有用である。,Reporting and evidence,読解時に一つの意味単位として認識する。
1039,7,X extends the analysis to P,Xは分析をPへ拡張する,The expression “X extends the analysis to P” is useful for reading this level of academic argument.,「X extends the analysis to P（Xは分析をPへ拡張する）」はこの難易度帯の学術的議論を読むうえで有用である。,Reporting and evidence,読解時に一つの意味単位として認識する。
1040,7,X applies the framework to P,Xは枠組みをPに適用する,The expression “X applies the framework to P” is useful for reading this level of academic argument.,「X applies the framework to P（Xは枠組みをPに適用する）」はこの難易度帯の学術的議論を読むうえで有用である。,Reporting and evidence,読解時に一つの意味単位として認識する。
1041,7,X tests the hypothesis that S,XはSという仮説を検証する,The expression “X tests the hypothesis that S” is useful for reading this level of academic argument.,「X tests the hypothesis that S（XはSという仮説を検証する）」はこの難易度帯の学術的議論を読むうえで有用である。,Reporting and evidence,読解時に一つの意味単位として認識する。
1042,7,X evaluates the claim that S,XはSという主張を評価する,The expression “X evaluates the claim that S” is useful for reading this level of academic argument.,「X evaluates the claim that S（XはSという主張を評価する）」はこの難易度帯の学術的議論を読むうえで有用である。,Reporting and evidence,読解時に一つの意味単位として認識する。
1043,7,X compares P with Q,XはPとQを比較する,The expression “X compares P with Q” is useful for reading this level of academic argument.,「X compares P with Q（XはPとQを比較する）」はこの難易度帯の学術的議論を読むうえで有用である。,Reporting and evidence,読解時に一つの意味単位として認識する。
1044,7,X contrasts P with Q,XはPとQを対比する,The expression “X contrasts P with Q” is useful for reading this level of academic argument.,「X contrasts P with Q（XはPとQを対比する）」はこの難易度帯の学術的議論を読むうえで有用である。,Reporting and evidence,読解時に一つの意味単位として認識する。
1045,7,X situates P within Q,XはPをQの中に位置づける,The expression “X situates P within Q” is useful for reading this level of academic argument.,「X situates P within Q（XはPをQの中に位置づける）」はこの難易度帯の学術的議論を読むうえで有用である。,Reporting and evidence,読解時に一つの意味単位として認識する。
1046,7,X traces P to Q,XはPをQにまでさかのぼる,The expression “X traces P to Q” is useful for reading this level of academic argument.,「X traces P to Q（XはPをQにまでさかのぼる）」はこの難易度帯の学術的議論を読むうえで有用である。,Reporting and evidence,読解時に一つの意味単位として認識する。
1047,7,the literature provides mixed evidence,先行研究の証拠は一貫していない,The expression “the literature provides mixed evidence” is useful for reading this level of academic argument.,「the literature provides mixed evidence（先行研究の証拠は一貫していない）」はこの難易度帯の学術的議論を読むうえで有用である。,Reporting and evidence,読解時に一つの意味単位として認識する。
1048,7,the literature offers competing explanations,先行研究は競合する説明を提示している,The expression “the literature offers competing explanations” is useful for reading this level of academic argument.,「the literature offers competing explanations（先行研究は競合する説明を提示している）」はこの難易度帯の学術的議論を読むうえで有用である。,Reporting and evidence,読解時に一つの意味単位として認識する。
1049,7,the empirical evidence remains sparse,経験的証拠は依然として乏しい,The expression “the empirical evidence remains sparse” is useful for reading this level of academic argument.,「the empirical evidence remains sparse（経験的証拠は依然として乏しい）」はこの難易度帯の学術的議論を読むうえで有用である。,Reporting and evidence,読解時に一つの意味単位として認識する。
1050,7,the available evidence is compatible with S,利用可能な証拠はSと両立する,The expression “the available evidence is compatible with S” is useful for reading this level of academic argument.,「the available evidence is compatible with S（利用可能な証拠はSと両立する）」はこの難易度帯の学術的議論を読むうえで有用である。,Reporting and evidence,読解時に一つの意味単位として認識する。
1051,8,it follows that S,したがってSが導かれる,The argument frame “it follows that S” marks a standard move in philosophical reasoning.,「it follows that S（したがってSが導かれる）」は哲学的論証の標準的な動きを示す。,Argument frames,導出・反論・応答・理論比較を追うためのフレーム。
1052,8,it does not follow that S,だからといってSとは限らない,The argument frame “it does not follow that S” marks a standard move in philosophical reasoning.,「it does not follow that S（だからといってSとは限らない）」は哲学的論証の標準的な動きを示す。,Argument frames,導出・反論・応答・理論比較を追うためのフレーム。
1053,8,S follows from P,SはPから導かれる,The argument frame “S follows from P” marks a standard move in philosophical reasoning.,「S follows from P（SはPから導かれる）」は哲学的論証の標準的な動きを示す。,Argument frames,導出・反論・応答・理論比較を追うためのフレーム。
1054,8,S does not follow from P,SはPからは導かれない,The argument frame “S does not follow from P” marks a standard move in philosophical reasoning.,「S does not follow from P（SはPからは導かれない）」は哲学的論証の標準的な動きを示す。,Argument frames,導出・反論・応答・理論比較を追うためのフレーム。
1055,8,S entails P,SはPを含意する,The argument frame “S entails P” marks a standard move in philosophical reasoning.,「S entails P（SはPを含意する）」は哲学的論証の標準的な動きを示す。,Argument frames,導出・反論・応答・理論比較を追うためのフレーム。
1056,8,S does not entail P,SはPを含意しない,The argument frame “S does not entail P” marks a standard move in philosophical reasoning.,「S does not entail P（SはPを含意しない）」は哲学的論証の標準的な動きを示す。,Argument frames,導出・反論・応答・理論比較を追うためのフレーム。
1057,8,S implies P,SはPを含意する／示唆する,The argument frame “S implies P” marks a standard move in philosophical reasoning.,「S implies P（SはPを含意する／示唆する）」は哲学的論証の標準的な動きを示す。,Argument frames,導出・反論・応答・理論比較を追うためのフレーム。
1058,8,S is compatible with P,SはPと両立する,The argument frame “S is compatible with P” marks a standard move in philosophical reasoning.,「S is compatible with P（SはPと両立する）」は哲学的論証の標準的な動きを示す。,Argument frames,導出・反論・応答・理論比較を追うためのフレーム。
1059,8,S is incompatible with P,SはPと両立しない,The argument frame “S is incompatible with P” marks a standard move in philosophical reasoning.,「S is incompatible with P（SはPと両立しない）」は哲学的論証の標準的な動きを示す。,Argument frames,導出・反論・応答・理論比較を追うためのフレーム。
1060,8,S is consistent with P,SはPと整合する,The argument frame “S is consistent with P” marks a standard move in philosophical reasoning.,「S is consistent with P（SはPと整合する）」は哲学的論証の標準的な動きを示す。,Argument frames,導出・反論・応答・理論比較を追うためのフレーム。
1061,8,S is inconsistent with P,SはPと整合しない,The argument frame “S is inconsistent with P” marks a standard move in philosophical reasoning.,「S is inconsistent with P（SはPと整合しない）」は哲学的論証の標準的な動きを示す。,Argument frames,導出・反論・応答・理論比較を追うためのフレーム。
1062,8,a possible objection is that S,一つの可能な反論はSである,The argument frame “a possible objection is that S” marks a standard move in philosophical reasoning.,「a possible objection is that S（一つの可能な反論はSである）」は哲学的論証の標準的な動きを示す。,Argument frames,導出・反論・応答・理論比較を追うためのフレーム。
1063,8,one might object that S,Sと反論できるかもしれない,The argument frame “one might object that S” marks a standard move in philosophical reasoning.,「one might object that S（Sと反論できるかもしれない）」は哲学的論証の標準的な動きを示す。,Argument frames,導出・反論・応答・理論比較を追うためのフレーム。
1064,8,one objection is that S,一つの反論はSである,The argument frame “one objection is that S” marks a standard move in philosophical reasoning.,「one objection is that S（一つの反論はSである）」は哲学的論証の標準的な動きを示す。,Argument frames,導出・反論・応答・理論比較を追うためのフレーム。
1065,8,the main objection is that S,主要な反論はSである,The argument frame “the main objection is that S” marks a standard move in philosophical reasoning.,「the main objection is that S（主要な反論はSである）」は哲学的論証の標準的な動きを示す。,Argument frames,導出・反論・応答・理論比較を追うためのフレーム。
1066,8,the obvious objection is that S,明白な反論はSである,The argument frame “the obvious objection is that S” marks a standard move in philosophical reasoning.,「the obvious objection is that S（明白な反論はSである）」は哲学的論証の標準的な動きを示す。,Argument frames,導出・反論・応答・理論比較を追うためのフレーム。
1067,8,in response to this objection,この反論への応答として,The argument frame “in response to this objection” marks a standard move in philosophical reasoning.,「in response to this objection（この反論への応答として）」は哲学的論証の標準的な動きを示す。,Argument frames,導出・反論・応答・理論比較を追うためのフレーム。
1068,8,a reply to this objection is that S,この反論への一つの応答はSである,The argument frame “a reply to this objection is that S” marks a standard move in philosophical reasoning.,「a reply to this objection is that S（この反論への一つの応答はSである）」は哲学的論証の標準的な動きを示す。,Argument frames,導出・反論・応答・理論比較を追うためのフレーム。
1069,8,this objection fails because S,この反論はSなので失敗する,The argument frame “this objection fails because S” marks a standard move in philosophical reasoning.,「this objection fails because S（この反論はSなので失敗する）」は哲学的論証の標準的な動きを示す。,Argument frames,導出・反論・応答・理論比較を追うためのフレーム。
1070,8,this objection has some force,この反論には一定の説得力がある,The argument frame “this objection has some force” marks a standard move in philosophical reasoning.,「this objection has some force（この反論には一定の説得力がある）」は哲学的論証の標準的な動きを示す。,Argument frames,導出・反論・応答・理論比較を追うためのフレーム。
1071,8,this objection can be answered by P,この反論にはPによって応答できる,The argument frame “this objection can be answered by P” marks a standard move in philosophical reasoning.,「this objection can be answered by P（この反論にはPによって応答できる）」は哲学的論証の標準的な動きを示す。,Argument frames,導出・反論・応答・理論比較を追うためのフレーム。
1072,8,a counterexample to P,Pへの反例,The argument frame “a counterexample to P” marks a standard move in philosophical reasoning.,「a counterexample to P（Pへの反例）」は哲学的論証の標準的な動きを示す。,Argument frames,導出・反論・応答・理論比較を追うためのフレーム。
1073,8,P is vulnerable to the objection that S,PにはSという反論が当てはまる,The argument frame “P is vulnerable to the objection that S” marks a standard move in philosophical reasoning.,「P is vulnerable to the objection that S（PにはSという反論が当てはまる）」は哲学的論証の標準的な動きを示す。,Argument frames,導出・反論・応答・理論比較を追うためのフレーム。
1074,8,P avoids the objection by Q,PはQすることで反論を回避する,The argument frame “P avoids the objection by Q” marks a standard move in philosophical reasoning.,「P avoids the objection by Q（PはQすることで反論を回避する）」は哲学的論証の標準的な動きを示す。,Argument frames,導出・反論・応答・理論比較を追うためのフレーム。
1075,8,P faces a problem when S,Sの場合、Pは問題に直面する,The argument frame “P faces a problem when S” marks a standard move in philosophical reasoning.,「P faces a problem when S（Sの場合、Pは問題に直面する）」は哲学的論証の標準的な動きを示す。,Argument frames,導出・反論・応答・理論比較を追うためのフレーム。
1076,8,the problem with P is that S,Pの問題はSである,The argument frame “the problem with P is that S” marks a standard move in philosophical reasoning.,「the problem with P is that S（Pの問題はSである）」は哲学的論証の標準的な動きを示す。,Argument frames,導出・反論・応答・理論比較を追うためのフレーム。
1077,8,a difficulty for P is that S,Pにとっての困難はSである,The argument frame “a difficulty for P is that S” marks a standard move in philosophical reasoning.,「a difficulty for P is that S（Pにとっての困難はSである）」は哲学的論証の標準的な動きを示す。,Argument frames,導出・反論・応答・理論比較を追うためのフレーム。
1078,8,this creates a problem for P,これはPに問題を生じさせる,The argument frame “this creates a problem for P” marks a standard move in philosophical reasoning.,「this creates a problem for P（これはPに問題を生じさせる）」は哲学的論証の標準的な動きを示す。,Argument frames,導出・反論・応答・理論比較を追うためのフレーム。
1079,8,this undermines the claim that S,これはSという主張を弱める,The argument frame “this undermines the claim that S” marks a standard move in philosophical reasoning.,「this undermines the claim that S（これはSという主張を弱める）」は哲学的論証の標準的な動きを示す。,Argument frames,導出・反論・応答・理論比較を追うためのフレーム。
1080,8,this challenges the idea that S,これはSという考えに異議を唱える,The argument frame “this challenges the idea that S” marks a standard move in philosophical reasoning.,「this challenges the idea that S（これはSという考えに異議を唱える）」は哲学的論証の標準的な動きを示す。,Argument frames,導出・反論・応答・理論比較を追うためのフレーム。
1081,8,this leaves open the possibility that S,これはSという可能性を残す,The argument frame “this leaves open the possibility that S” marks a standard move in philosophical reasoning.,「this leaves open the possibility that S（これはSという可能性を残す）」は哲学的論証の標準的な動きを示す。,Argument frames,導出・反論・応答・理論比較を追うためのフレーム。
1082,8,this suggests a distinction between P and Q,これはPとQの区別を示唆する,The argument frame “this suggests a distinction between P and Q” marks a standard move in philosophical reasoning.,「this suggests a distinction between P and Q（これはPとQの区別を示唆する）」は哲学的論証の標準的な動きを示す。,Argument frames,導出・反論・応答・理論比較を追うためのフレーム。
1083,8,this gives us reason to think that S,これはSと考える理由を与える,The argument frame “this gives us reason to think that S” marks a standard move in philosophical reasoning.,「this gives us reason to think that S（これはSと考える理由を与える）」は哲学的論証の標準的な動きを示す。,Argument frames,導出・反論・応答・理論比較を追うためのフレーム。
1084,8,there is reason to reject P,Pを退ける理由がある,The argument frame “there is reason to reject P” marks a standard move in philosophical reasoning.,「there is reason to reject P（Pを退ける理由がある）」は哲学的論証の標準的な動きを示す。,Argument frames,導出・反論・応答・理論比較を追うためのフレーム。
1085,8,there is reason to prefer P to Q,QよりPを選ぶ理由がある,The argument frame “there is reason to prefer P to Q” marks a standard move in philosophical reasoning.,「there is reason to prefer P to Q（QよりPを選ぶ理由がある）」は哲学的論証の標準的な動きを示す。,Argument frames,導出・反論・応答・理論比較を追うためのフレーム。
1086,8,we have reason to believe that S,Sと信じる理由がある,The argument frame “we have reason to believe that S” marks a standard move in philosophical reasoning.,「we have reason to believe that S（Sと信じる理由がある）」は哲学的論証の標準的な動きを示す。,Argument frames,導出・反論・応答・理論比較を追うためのフレーム。
1087,8,we have no reason to assume that S,Sと仮定する理由はない,The argument frame “we have no reason to assume that S” marks a standard move in philosophical reasoning.,「we have no reason to assume that S（Sと仮定する理由はない）」は哲学的論証の標準的な動きを示す。,Argument frames,導出・反論・応答・理論比較を追うためのフレーム。
1088,8,the argument depends on P,その論証はPに依存する,The argument frame “the argument depends on P” marks a standard move in philosophical reasoning.,「the argument depends on P（その論証はPに依存する）」は哲学的論証の標準的な動きを示す。,Argument frames,導出・反論・応答・理論比較を追うためのフレーム。
1089,8,the argument rests on P,その論証はPを基礎としている,The argument frame “the argument rests on P” marks a standard move in philosophical reasoning.,「the argument rests on P（その論証はPを基礎としている）」は哲学的論証の標準的な動きを示す。,Argument frames,導出・反論・応答・理論比較を追うためのフレーム。
1090,8,the argument assumes that S,その論証はSを仮定する,The argument frame “the argument assumes that S” marks a standard move in philosophical reasoning.,「the argument assumes that S（その論証はSを仮定する）」は哲学的論証の標準的な動きを示す。,Argument frames,導出・反論・応答・理論比較を追うためのフレーム。
1091,8,the argument succeeds only if S,その論証はSの場合に限り成功する,The argument frame “the argument succeeds only if S” marks a standard move in philosophical reasoning.,「the argument succeeds only if S（その論証はSの場合に限り成功する）」は哲学的論証の標準的な動きを示す。,Argument frames,導出・反論・応答・理論比較を追うためのフレーム。
1092,8,the argument fails if S,Sならその論証は失敗する,The argument frame “the argument fails if S” marks a standard move in philosophical reasoning.,「the argument fails if S（Sならその論証は失敗する）」は哲学的論証の標準的な動きを示す。,Argument frames,導出・反論・応答・理論比較を追うためのフレーム。
1093,8,the conclusion is stronger than the premises support,結論が前提の支持を超えて強すぎる,The argument frame “the conclusion is stronger than the premises support” marks a standard move in philosophical reasoning.,「the conclusion is stronger than the premises support（結論が前提の支持を超えて強すぎる）」は哲学的論証の標準的な動きを示す。,Argument frames,導出・反論・応答・理論比較を追うためのフレーム。
1094,8,the conclusion is warranted by the evidence,結論は証拠によって正当化される,The argument frame “the conclusion is warranted by the evidence” marks a standard move in philosophical reasoning.,「the conclusion is warranted by the evidence（結論は証拠によって正当化される）」は哲学的論証の標準的な動きを示す。,Argument frames,導出・反論・応答・理論比較を追うためのフレーム。
1095,8,the conclusion is not warranted by the evidence,結論は証拠によって正当化されない,The argument frame “the conclusion is not warranted by the evidence” marks a standard move in philosophical reasoning.,「the conclusion is not warranted by the evidence（結論は証拠によって正当化されない）」は哲学的論証の標準的な動きを示す。,Argument frames,導出・反論・応答・理論比較を追うためのフレーム。
1096,8,the premise is necessary for the argument,その前提は論証に必要である,The argument frame “the premise is necessary for the argument” marks a standard move in philosophical reasoning.,「the premise is necessary for the argument（その前提は論証に必要である）」は哲学的論証の標準的な動きを示す。,Argument frames,導出・反論・応答・理論比較を追うためのフレーム。
1097,8,the premise is insufficient to establish S,その前提だけではSを確立できない,The argument frame “the premise is insufficient to establish S” marks a standard move in philosophical reasoning.,「the premise is insufficient to establish S（その前提だけではSを確立できない）」は哲学的論証の標準的な動きを示す。,Argument frames,導出・反論・応答・理論比較を追うためのフレーム。
1098,8,from P it follows that S,PからSが導かれる,The argument frame “from P it follows that S” marks a standard move in philosophical reasoning.,「from P it follows that S（PからSが導かれる）」は哲学的論証の標準的な動きを示す。,Argument frames,導出・反論・応答・理論比較を追うためのフレーム。
1099,8,P provides a reason for Q,PはQの理由を与える,The argument frame “P provides a reason for Q” marks a standard move in philosophical reasoning.,「P provides a reason for Q（PはQの理由を与える）」は哲学的論証の標準的な動きを示す。,Argument frames,導出・反論・応答・理論比較を追うためのフレーム。
1100,8,P counts in favor of Q,PはQを支持する理由になる,The argument frame “P counts in favor of Q” marks a standard move in philosophical reasoning.,「P counts in favor of Q（PはQを支持する理由になる）」は哲学的論証の標準的な動きを示す。,Argument frames,導出・反論・応答・理論比較を追うためのフレーム。
1101,8,suppose for contradiction that S,背理法のためSと仮定しよう,The argument frame “suppose for contradiction that S” marks a standard move in philosophical reasoning.,「suppose for contradiction that S（背理法のためSと仮定しよう）」は哲学的論証の標準的な動きを示す。,Argument frames,導出・反論・応答・理論比較を追うためのフレーム。
1102,8,assume for contradiction that S,背理法のためSと仮定する,The argument frame “assume for contradiction that S” marks a standard move in philosophical reasoning.,「assume for contradiction that S（背理法のためSと仮定する）」は哲学的論証の標準的な動きを示す。,Argument frames,導出・反論・応答・理論比較を追うためのフレーム。
1103,8,reductio ad absurdum,背理法,The argument frame “reductio ad absurdum” marks a standard move in philosophical reasoning.,「reductio ad absurdum（背理法）」は哲学的論証の標準的な動きを示す。,Argument frames,導出・反論・応答・理論比較を追うためのフレーム。
1104,8,this leads to a contradiction,これは矛盾をもたらす,The argument frame “this leads to a contradiction” marks a standard move in philosophical reasoning.,「this leads to a contradiction（これは矛盾をもたらす）」は哲学的論証の標準的な動きを示す。,Argument frames,導出・反論・応答・理論比較を追うためのフレーム。
1105,8,this is inconsistent with P,これはPと整合しない,The argument frame “this is inconsistent with P” marks a standard move in philosophical reasoning.,「this is inconsistent with P（これはPと整合しない）」は哲学的論証の標準的な動きを示す。,Argument frames,導出・反論・応答・理論比較を追うためのフレーム。
1106,8,this contradicts P,これはPと矛盾する,The argument frame “this contradicts P” marks a standard move in philosophical reasoning.,「this contradicts P（これはPと矛盾する）」は哲学的論証の標準的な動きを示す。,Argument frames,導出・反論・応答・理論比較を追うためのフレーム。
1107,8,this leaves us with two options,これによって二つの選択肢が残る,The argument frame “this leaves us with two options” marks a standard move in philosophical reasoning.,「this leaves us with two options（これによって二つの選択肢が残る）」は哲学的論証の標準的な動きを示す。,Argument frames,導出・反論・応答・理論比較を追うためのフレーム。
1108,8,there are two possibilities,二つの可能性がある,The argument frame “there are two possibilities” marks a standard move in philosophical reasoning.,「there are two possibilities（二つの可能性がある）」は哲学的論証の標準的な動きを示す。,Argument frames,導出・反論・応答・理論比較を追うためのフレーム。
1109,8,either P or Q must be true,PかQのどちらかが真でなければならない,The argument frame “either P or Q must be true” marks a standard move in philosophical reasoning.,「either P or Q must be true（PかQのどちらかが真でなければならない）」は哲学的論証の標準的な動きを示す。,Argument frames,導出・反論・応答・理論比較を追うためのフレーム。
1110,8,neither P nor Q is sufficient,PもQも十分ではない,The argument frame “neither P nor Q is sufficient” marks a standard move in philosophical reasoning.,「neither P nor Q is sufficient（PもQも十分ではない）」は哲学的論証の標準的な動きを示す。,Argument frames,導出・反論・応答・理論比較を追うためのフレーム。
1111,8,both P and Q can be true,PとQは両方とも真でありうる,The argument frame “both P and Q can be true” marks a standard move in philosophical reasoning.,「both P and Q can be true（PとQは両方とも真でありうる）」は哲学的論証の標準的な動きを示す。,Argument frames,導出・反論・応答・理論比較を追うためのフレーム。
1112,8,P and Q cannot both be true,PとQは両方同時には真になれない,The argument frame “P and Q cannot both be true” marks a standard move in philosophical reasoning.,「P and Q cannot both be true（PとQは両方同時には真になれない）」は哲学的論証の標準的な動きを示す。,Argument frames,導出・反論・応答・理論比較を追うためのフレーム。
1113,8,the two claims come apart,二つの主張は分離しうる,The argument frame “the two claims come apart” marks a standard move in philosophical reasoning.,「the two claims come apart（二つの主張は分離しうる）」は哲学的論証の標準的な動きを示す。,Argument frames,導出・反論・応答・理論比較を追うためのフレーム。
1114,8,the two notions should not be conflated,二つの概念を混同すべきではない,The argument frame “the two notions should not be conflated” marks a standard move in philosophical reasoning.,「the two notions should not be conflated（二つの概念を混同すべきではない）」は哲学的論証の標準的な動きを示す。,Argument frames,導出・反論・応答・理論比較を追うためのフレーム。
1115,8,we need to distinguish P from Q,PとQを区別する必要がある,The argument frame “we need to distinguish P from Q” marks a standard move in philosophical reasoning.,「we need to distinguish P from Q（PとQを区別する必要がある）」は哲学的論証の標準的な動きを示す。,Argument frames,導出・反論・応答・理論比較を追うためのフレーム。
1116,8,the distinction matters because S,その区別はSなので重要である,The argument frame “the distinction matters because S” marks a standard move in philosophical reasoning.,「the distinction matters because S（その区別はSなので重要である）」は哲学的論証の標準的な動きを示す。,Argument frames,導出・反論・応答・理論比較を追うためのフレーム。
1117,8,the distinction breaks down when S,Sの場合、その区別は崩れる,The argument frame “the distinction breaks down when S” marks a standard move in philosophical reasoning.,「the distinction breaks down when S（Sの場合、その区別は崩れる）」は哲学的論証の標準的な動きを示す。,Argument frames,導出・反論・応答・理論比較を追うためのフレーム。
1118,8,the distinction is too coarse,その区別は粗すぎる,The argument frame “the distinction is too coarse” marks a standard move in philosophical reasoning.,「the distinction is too coarse（その区別は粗すぎる）」は哲学的論証の標準的な動きを示す。,Argument frames,導出・反論・応答・理論比較を追うためのフレーム。
1119,8,the distinction is too fine-grained,その区別は細かすぎる,The argument frame “the distinction is too fine-grained” marks a standard move in philosophical reasoning.,「the distinction is too fine-grained（その区別は細かすぎる）」は哲学的論証の標準的な動きを示す。,Argument frames,導出・反論・応答・理論比較を追うためのフレーム。
1120,8,the definition is too broad,その定義は広すぎる,The argument frame “the definition is too broad” marks a standard move in philosophical reasoning.,「the definition is too broad（その定義は広すぎる）」は哲学的論証の標準的な動きを示す。,Argument frames,導出・反論・応答・理論比較を追うためのフレーム。
1121,8,the definition is too narrow,その定義は狭すぎる,The argument frame “the definition is too narrow” marks a standard move in philosophical reasoning.,「the definition is too narrow（その定義は狭すぎる）」は哲学的論証の標準的な動きを示す。,Argument frames,導出・反論・応答・理論比較を追うためのフレーム。
1122,8,the definition excludes ordinary cases,その定義は通常事例を排除する,The argument frame “the definition excludes ordinary cases” marks a standard move in philosophical reasoning.,「the definition excludes ordinary cases（その定義は通常事例を排除する）」は哲学的論証の標準的な動きを示す。,Argument frames,導出・反論・応答・理論比較を追うためのフレーム。
1123,8,the definition includes counterexamples,その定義は反例を含んでしまう,The argument frame “the definition includes counterexamples” marks a standard move in philosophical reasoning.,「the definition includes counterexamples（その定義は反例を含んでしまう）」は哲学的論証の標準的な動きを示す。,Argument frames,導出・反論・応答・理論比較を追うためのフレーム。
1124,8,the account overgenerates,その説明は適用範囲を広げすぎる,The argument frame “the account overgenerates” marks a standard move in philosophical reasoning.,「the account overgenerates（その説明は適用範囲を広げすぎる）」は哲学的論証の標準的な動きを示す。,Argument frames,導出・反論・応答・理論比較を追うためのフレーム。
1125,8,the account undergenerates,その説明は適用範囲が狭すぎる,The argument frame “the account undergenerates” marks a standard move in philosophical reasoning.,「the account undergenerates（その説明は適用範囲が狭すぎる）」は哲学的論証の標準的な動きを示す。,Argument frames,導出・反論・応答・理論比較を追うためのフレーム。
1126,8,the account explains too much,その説明は多くを説明しすぎる,The argument frame “the account explains too much” marks a standard move in philosophical reasoning.,「the account explains too much（その説明は多くを説明しすぎる）」は哲学的論証の標準的な動きを示す。,Argument frames,導出・反論・応答・理論比較を追うためのフレーム。
1127,8,the account explains too little,その説明は十分に説明しない,The argument frame “the account explains too little” marks a standard move in philosophical reasoning.,「the account explains too little（その説明は十分に説明しない）」は哲学的論証の標準的な動きを示す。,Argument frames,導出・反論・応答・理論比較を追うためのフレーム。
1128,8,the theory is ad hoc,その理論はアドホックである,The argument frame “the theory is ad hoc” marks a standard move in philosophical reasoning.,「the theory is ad hoc（その理論はアドホックである）」は哲学的論証の標準的な動きを示す。,Argument frames,導出・反論・応答・理論比較を追うためのフレーム。
1129,8,the response is circular,その応答は循環している,The argument frame “the response is circular” marks a standard move in philosophical reasoning.,「the response is circular（その応答は循環している）」は哲学的論証の標準的な動きを示す。,Argument frames,導出・反論・応答・理論比較を追うためのフレーム。
1130,8,the argument begs the question,その論証は論点先取である,The argument frame “the argument begs the question” marks a standard move in philosophical reasoning.,「the argument begs the question（その論証は論点先取である）」は哲学的論証の標準的な動きを示す。,Argument frames,導出・反論・応答・理論比較を追うためのフレーム。
1131,8,the argument equivocates on P,その論証はPの意味を曖昧に使い分けている,The argument frame “the argument equivocates on P” marks a standard move in philosophical reasoning.,「the argument equivocates on P（その論証はPの意味を曖昧に使い分けている）」は哲学的論証の標準的な動きを示す。,Argument frames,導出・反論・応答・理論比較を追うためのフレーム。
1132,8,the conclusion is ambiguous between P and Q,結論はPとQの間で曖昧である,The argument frame “the conclusion is ambiguous between P and Q” marks a standard move in philosophical reasoning.,「the conclusion is ambiguous between P and Q（結論はPとQの間で曖昧である）」は哲学的論証の標準的な動きを示す。,Argument frames,導出・反論・応答・理論比較を追うためのフレーム。
1133,8,the premise can be read in two ways,その前提は二通りに読める,The argument frame “the premise can be read in two ways” marks a standard move in philosophical reasoning.,「the premise can be read in two ways（その前提は二通りに読める）」は哲学的論証の標準的な動きを示す。,Argument frames,導出・反論・応答・理論比較を追うためのフレーム。
1134,8,"on one interpretation P, on another Q",一つの解釈ではP、別の解釈ではQ,"The argument frame “on one interpretation P, on another Q” marks a standard move in philosophical reasoning.","「on one interpretation P, on another Q（一つの解釈ではP、別の解釈ではQ）」は哲学的論証の標準的な動きを示す。",Argument frames,導出・反論・応答・理論比較を追うためのフレーム。
1135,8,the stronger claim does not follow,より強い主張は導かれない,The argument frame “the stronger claim does not follow” marks a standard move in philosophical reasoning.,「the stronger claim does not follow（より強い主張は導かれない）」は哲学的論証の標準的な動きを示す。,Argument frames,導出・反論・応答・理論比較を追うためのフレーム。
1136,8,the weaker claim may still be true,より弱い主張はなお真かもしれない,The argument frame “the weaker claim may still be true” marks a standard move in philosophical reasoning.,「the weaker claim may still be true（より弱い主張はなお真かもしれない）」は哲学的論証の標準的な動きを示す。,Argument frames,導出・反論・応答・理論比較を追うためのフレーム。
1137,8,the argument establishes only P,その論証が確立するのはPだけである,The argument frame “the argument establishes only P” marks a standard move in philosophical reasoning.,「the argument establishes only P（その論証が確立するのはPだけである）」は哲学的論証の標準的な動きを示す。,Argument frames,導出・反論・応答・理論比較を追うためのフレーム。
1138,8,the evidence warrants only P,その証拠が正当化するのはPだけである,The argument frame “the evidence warrants only P” marks a standard move in philosophical reasoning.,「the evidence warrants only P（その証拠が正当化するのはPだけである）」は哲学的論証の標準的な動きを示す。,Argument frames,導出・反論・応答・理論比較を追うためのフレーム。
1139,8,the claim requires further argument,その主張には追加の論証が必要である,The argument frame “the claim requires further argument” marks a standard move in philosophical reasoning.,「the claim requires further argument（その主張には追加の論証が必要である）」は哲学的論証の標準的な動きを示す。,Argument frames,導出・反論・応答・理論比較を追うためのフレーム。
1140,8,the premise requires independent support,その前提には独立した支持が必要である,The argument frame “the premise requires independent support” marks a standard move in philosophical reasoning.,「the premise requires independent support（その前提には独立した支持が必要である）」は哲学的論証の標準的な動きを示す。,Argument frames,導出・反論・応答・理論比較を追うためのフレーム。
1141,8,a further premise is needed,追加の前提が必要である,The argument frame “a further premise is needed” marks a standard move in philosophical reasoning.,「a further premise is needed（追加の前提が必要である）」は哲学的論証の標準的な動きを示す。,Argument frames,導出・反論・応答・理論比較を追うためのフレーム。
1142,8,an additional assumption is required,追加の前提が必要である,The argument frame “an additional assumption is required” marks a standard move in philosophical reasoning.,「an additional assumption is required（追加の前提が必要である）」は哲学的論証の標準的な動きを示す。,Argument frames,導出・反論・応答・理論比較を追うためのフレーム。
1143,8,once this assumption is removed,この前提を外すと,The argument frame “once this assumption is removed” marks a standard move in philosophical reasoning.,「once this assumption is removed（この前提を外すと）」は哲学的論証の標準的な動きを示す。,Argument frames,導出・反論・応答・理論比較を追うためのフレーム。
1144,8,once the distinction is made,その区別を設けると,The argument frame “once the distinction is made” marks a standard move in philosophical reasoning.,「once the distinction is made（その区別を設けると）」は哲学的論証の標準的な動きを示す。,Argument frames,導出・反論・応答・理論比較を追うためのフレーム。
1145,8,once we grant P,Pを認めると,The argument frame “once we grant P” marks a standard move in philosophical reasoning.,「once we grant P（Pを認めると）」は哲学的論証の標準的な動きを示す。,Argument frames,導出・反論・応答・理論比較を追うためのフレーム。
1146,8,even granting P,Pを認めたとしても,The argument frame “even granting P” marks a standard move in philosophical reasoning.,「even granting P（Pを認めたとしても）」は哲学的論証の標準的な動きを示す。,Argument frames,導出・反論・応答・理論比較を追うためのフレーム。
1147,8,the objection targets P rather than Q,その反論はQではなくPを標的にしている,The argument frame “the objection targets P rather than Q” marks a standard move in philosophical reasoning.,「the objection targets P rather than Q（その反論はQではなくPを標的にしている）」は哲学的論証の標準的な動きを示す。,Argument frames,導出・反論・応答・理論比較を追うためのフレーム。
1148,8,the reply addresses only P,その応答はPだけに対処している,The argument frame “the reply addresses only P” marks a standard move in philosophical reasoning.,「the reply addresses only P（その応答はPだけに対処している）」は哲学的論証の標準的な動きを示す。,Argument frames,導出・反論・応答・理論比較を追うためのフレーム。
1149,8,the deeper issue is Q,より深い問題はQである,The argument frame “the deeper issue is Q” marks a standard move in philosophical reasoning.,「the deeper issue is Q（より深い問題はQである）」は哲学的論証の標準的な動きを示す。,Argument frames,導出・反論・応答・理論比較を追うためのフレーム。
1150,8,what the argument needs to show is S,その論証が示す必要があるのはSである,The argument frame “what the argument needs to show is S” marks a standard move in philosophical reasoning.,「what the argument needs to show is S（その論証が示す必要があるのはSである）」は哲学的論証の標準的な動きを示す。,Argument frames,導出・反論・応答・理論比較を追うためのフレーム。
1151,8,P is a consequence of Q,PはQの帰結である,The argument frame “P is a consequence of Q” marks a standard move in philosophical reasoning.,「P is a consequence of Q（PはQの帰結である）」は哲学的論証の標準的な動きを示す。,Argument frames,導出・反論・応答・理論比較を追うためのフレーム。
1152,8,P is not a consequence of Q,PはQの帰結ではない,The argument frame “P is not a consequence of Q” marks a standard move in philosophical reasoning.,「P is not a consequence of Q（PはQの帰結ではない）」は哲学的論証の標準的な動きを示す。,Argument frames,導出・反論・応答・理論比較を追うためのフレーム。
1153,8,Q provides support for P,QはPを支持する,The argument frame “Q provides support for P” marks a standard move in philosophical reasoning.,「Q provides support for P（QはPを支持する）」は哲学的論証の標準的な動きを示す。,Argument frames,導出・反論・応答・理論比較を追うためのフレーム。
1154,8,Q fails to support P,QはPを支持しない,The argument frame “Q fails to support P” marks a standard move in philosophical reasoning.,「Q fails to support P（QはPを支持しない）」は哲学的論証の標準的な動きを示す。,Argument frames,導出・反論・応答・理論比較を追うためのフレーム。
1155,8,P is compatible with the evidence,Pは証拠と両立する,The argument frame “P is compatible with the evidence” marks a standard move in philosophical reasoning.,「P is compatible with the evidence（Pは証拠と両立する）」は哲学的論証の標準的な動きを示す。,Argument frames,導出・反論・応答・理論比較を追うためのフレーム。
1156,8,P conflicts with the evidence,Pは証拠と衝突する,The argument frame “P conflicts with the evidence” marks a standard move in philosophical reasoning.,「P conflicts with the evidence（Pは証拠と衝突する）」は哲学的論証の標準的な動きを示す。,Argument frames,導出・反論・応答・理論比較を追うためのフレーム。
1157,8,P explains Q better than R,PはRよりQをうまく説明する,The argument frame “P explains Q better than R” marks a standard move in philosophical reasoning.,「P explains Q better than R（PはRよりQをうまく説明する）」は哲学的論証の標準的な動きを示す。,Argument frames,導出・反論・応答・理論比較を追うためのフレーム。
1158,8,P has greater explanatory power than Q,PはQより大きな説明力を持つ,The argument frame “P has greater explanatory power than Q” marks a standard move in philosophical reasoning.,「P has greater explanatory power than Q（PはQより大きな説明力を持つ）」は哲学的論証の標準的な動きを示す。,Argument frames,導出・反論・応答・理論比較を追うためのフレーム。
1159,8,P is explanatorily preferable to Q,Pは説明上Qより望ましい,The argument frame “P is explanatorily preferable to Q” marks a standard move in philosophical reasoning.,「P is explanatorily preferable to Q（Pは説明上Qより望ましい）」は哲学的論証の標準的な動きを示す。,Argument frames,導出・反論・応答・理論比較を追うためのフレーム。
1160,8,P is simpler than Q,PはQより単純である,The argument frame “P is simpler than Q” marks a standard move in philosophical reasoning.,「P is simpler than Q（PはQより単純である）」は哲学的論証の標準的な動きを示す。,Argument frames,導出・反論・応答・理論比較を追うためのフレーム。
1161,8,P is more parsimonious than Q,PはQより倹約的である,The argument frame “P is more parsimonious than Q” marks a standard move in philosophical reasoning.,「P is more parsimonious than Q（PはQより倹約的である）」は哲学的論証の標準的な動きを示す。,Argument frames,導出・反論・応答・理論比較を追うためのフレーム。
1162,8,P requires fewer assumptions than Q,PはQより少ない前提しか必要としない,The argument frame “P requires fewer assumptions than Q” marks a standard move in philosophical reasoning.,「P requires fewer assumptions than Q（PはQより少ない前提しか必要としない）」は哲学的論証の標準的な動きを示す。,Argument frames,導出・反論・応答・理論比較を追うためのフレーム。
1163,8,P fits the evidence better than Q,PはQより証拠に適合する,The argument frame “P fits the evidence better than Q” marks a standard move in philosophical reasoning.,「P fits the evidence better than Q（PはQより証拠に適合する）」は哲学的論証の標準的な動きを示す。,Argument frames,導出・反論・応答・理論比較を追うためのフレーム。
1164,8,P handles the counterexample better than Q,PはQより反例をうまく扱う,The argument frame “P handles the counterexample better than Q” marks a standard move in philosophical reasoning.,「P handles the counterexample better than Q（PはQより反例をうまく扱う）」は哲学的論証の標準的な動きを示す。,Argument frames,導出・反論・応答・理論比較を追うためのフレーム。
1165,8,P preserves the insight that S,PはSという洞察を保持する,The argument frame “P preserves the insight that S” marks a standard move in philosophical reasoning.,「P preserves the insight that S（PはSという洞察を保持する）」は哲学的論証の標準的な動きを示す。,Argument frames,導出・反論・応答・理論比較を追うためのフレーム。
1166,8,P sacrifices the insight that S,PはSという洞察を犠牲にする,The argument frame “P sacrifices the insight that S” marks a standard move in philosophical reasoning.,「P sacrifices the insight that S（PはSという洞察を犠牲にする）」は哲学的論証の標準的な動きを示す。,Argument frames,導出・反論・応答・理論比較を追うためのフレーム。
1167,8,P captures the intuition that S,PはSという直観を捉える,The argument frame “P captures the intuition that S” marks a standard move in philosophical reasoning.,「P captures the intuition that S（PはSという直観を捉える）」は哲学的論証の標準的な動きを示す。,Argument frames,導出・反論・応答・理論比較を追うためのフレーム。
1168,8,P fails to capture the intuition that S,PはSという直観を捉え損なう,The argument frame “P fails to capture the intuition that S” marks a standard move in philosophical reasoning.,「P fails to capture the intuition that S（PはSという直観を捉え損なう）」は哲学的論証の標準的な動きを示す。,Argument frames,導出・反論・応答・理論比較を追うためのフレーム。
1169,8,P has an advantage over Q,PはQに対して利点を持つ,The argument frame “P has an advantage over Q” marks a standard move in philosophical reasoning.,「P has an advantage over Q（PはQに対して利点を持つ）」は哲学的論証の標準的な動きを示す。,Argument frames,導出・反論・応答・理論比較を追うためのフレーム。
1170,8,P has a disadvantage compared with Q,PはQと比べて欠点を持つ,The argument frame “P has a disadvantage compared with Q” marks a standard move in philosophical reasoning.,「P has a disadvantage compared with Q（PはQと比べて欠点を持つ）」は哲学的論証の標準的な動きを示す。,Argument frames,導出・反論・応答・理論比較を追うためのフレーム。
1171,8,the virtue of P is that S,Pの長所はSである,The argument frame “the virtue of P is that S” marks a standard move in philosophical reasoning.,「the virtue of P is that S（Pの長所はSである）」は哲学的論証の標準的な動きを示す。,Argument frames,導出・反論・応答・理論比較を追うためのフレーム。
1172,8,the weakness of P is that S,Pの弱点はSである,The argument frame “the weakness of P is that S” marks a standard move in philosophical reasoning.,「the weakness of P is that S（Pの弱点はSである）」は哲学的論証の標準的な動きを示す。,Argument frames,導出・反論・応答・理論比較を追うためのフレーム。
1173,8,the cost of P is that S,Pの代償はSである,The argument frame “the cost of P is that S” marks a standard move in philosophical reasoning.,「the cost of P is that S（Pの代償はSである）」は哲学的論証の標準的な動きを示す。,Argument frames,導出・反論・応答・理論比較を追うためのフレーム。
1174,8,the benefit of P is that S,Pの利点はSである,The argument frame “the benefit of P is that S” marks a standard move in philosophical reasoning.,「the benefit of P is that S（Pの利点はSである）」は哲学的論証の標準的な動きを示す。,Argument frames,導出・反論・応答・理論比較を追うためのフレーム。
1175,8,a natural response is to P,自然な応答はPすることである,The argument frame “a natural response is to P” marks a standard move in philosophical reasoning.,「a natural response is to P（自然な応答はPすることである）」は哲学的論証の標準的な動きを示す。,Argument frames,導出・反論・応答・理論比較を追うためのフレーム。
1176,8,a stronger response is to P,より強い応答はPすることである,The argument frame “a stronger response is to P” marks a standard move in philosophical reasoning.,「a stronger response is to P（より強い応答はPすることである）」は哲学的論証の標準的な動きを示す。,Argument frames,導出・反論・応答・理論比較を追うためのフレーム。
1177,8,a weaker response is to P,より弱い応答はPすることである,The argument frame “a weaker response is to P” marks a standard move in philosophical reasoning.,「a weaker response is to P（より弱い応答はPすることである）」は哲学的論証の標準的な動きを示す。,Argument frames,導出・反論・応答・理論比較を追うためのフレーム。
1178,8,a different response is available,別の応答が可能である,The argument frame “a different response is available” marks a standard move in philosophical reasoning.,「a different response is available（別の応答が可能である）」は哲学的論証の標準的な動きを示す。,Argument frames,導出・反論・応答・理論比較を追うためのフレーム。
1179,8,one way to respond is to P,一つの応答方法はPすることである,The argument frame “one way to respond is to P” marks a standard move in philosophical reasoning.,「one way to respond is to P（一つの応答方法はPすることである）」は哲学的論証の標準的な動きを示す。,Argument frames,導出・反論・応答・理論比較を追うためのフレーム。
1180,8,another way to respond is to Q,別の応答方法はQすることである,The argument frame “another way to respond is to Q” marks a standard move in philosophical reasoning.,「another way to respond is to Q（別の応答方法はQすることである）」は哲学的論証の標準的な動きを示す。,Argument frames,導出・反論・応答・理論比較を追うためのフレーム。
1181,8,this response succeeds if S,この応答はSなら成功する,The argument frame “this response succeeds if S” marks a standard move in philosophical reasoning.,「this response succeeds if S（この応答はSなら成功する）」は哲学的論証の標準的な動きを示す。,Argument frames,導出・反論・応答・理論比較を追うためのフレーム。
1182,8,this response fails if S,この応答はSなら失敗する,The argument frame “this response fails if S” marks a standard move in philosophical reasoning.,「this response fails if S（この応答はSなら失敗する）」は哲学的論証の標準的な動きを示す。,Argument frames,導出・反論・応答・理論比較を追うためのフレーム。
1183,8,the dialectic now shifts to P,議論の焦点はいまPへ移る,The argument frame “the dialectic now shifts to P” marks a standard move in philosophical reasoning.,「the dialectic now shifts to P（議論の焦点はいまPへ移る）」は哲学的論証の標準的な動きを示す。,Argument frames,導出・反論・応答・理論比較を追うためのフレーム。
1184,8,the burden now falls on P,立証の負担はいまP側に移る,The argument frame “the burden now falls on P” marks a standard move in philosophical reasoning.,「the burden now falls on P（立証の負担はいまP側に移る）」は哲学的論証の標準的な動きを示す。,Argument frames,導出・反論・応答・理論比較を追うためのフレーム。
1185,8,the proponent must explain P,提唱者はPを説明しなければならない,The argument frame “the proponent must explain P” marks a standard move in philosophical reasoning.,「the proponent must explain P（提唱者はPを説明しなければならない）」は哲学的論証の標準的な動きを示す。,Argument frames,導出・反論・応答・理論比較を追うためのフレーム。
1186,8,the critic must show P,批判者はPを示さなければならない,The argument frame “the critic must show P” marks a standard move in philosophical reasoning.,「the critic must show P（批判者はPを示さなければならない）」は哲学的論証の標準的な動きを示す。,Argument frames,導出・反論・応答・理論比較を追うためのフレーム。
1187,8,the debate turns on P,論争はPにかかっている,The argument frame “the debate turns on P” marks a standard move in philosophical reasoning.,「the debate turns on P（論争はPにかかっている）」は哲学的論証の標準的な動きを示す。,Argument frames,導出・反論・応答・理論比較を追うためのフレーム。
1188,8,much depends on P,多くはPに依存する,The argument frame “much depends on P” marks a standard move in philosophical reasoning.,「much depends on P（多くはPに依存する）」は哲学的論証の標準的な動きを示す。,Argument frames,導出・反論・応答・理論比較を追うためのフレーム。
1189,8,the key question is whether S,重要な問いはSかどうかである,The argument frame “the key question is whether S” marks a standard move in philosophical reasoning.,「the key question is whether S（重要な問いはSかどうかである）」は哲学的論証の標準的な動きを示す。,Argument frames,導出・反論・応答・理論比較を追うためのフレーム。
1190,8,the central issue is whether S,中心的問題はSかどうかである,The argument frame “the central issue is whether S” marks a standard move in philosophical reasoning.,「the central issue is whether S（中心的問題はSかどうかである）」は哲学的論証の標準的な動きを示す。,Argument frames,導出・反論・応答・理論比較を追うためのフレーム。
1191,8,the crucial point is that S,決定的な点はSである,The argument frame “the crucial point is that S” marks a standard move in philosophical reasoning.,「the crucial point is that S（決定的な点はSである）」は哲学的論証の標準的な動きを示す。,Argument frames,導出・反論・応答・理論比較を追うためのフレーム。
1192,8,the main point is that S,主要な点はSである,The argument frame “the main point is that S” marks a standard move in philosophical reasoning.,「the main point is that S（主要な点はSである）」は哲学的論証の標準的な動きを示す。,Argument frames,導出・反論・応答・理論比較を追うためのフレーム。
1193,8,this is not enough to establish S,これはSを確立するには不十分である,The argument frame “this is not enough to establish S” marks a standard move in philosophical reasoning.,「this is not enough to establish S（これはSを確立するには不十分である）」は哲学的論証の標準的な動きを示す。,Argument frames,導出・反論・応答・理論比較を追うためのフレーム。
1194,8,this is enough to establish S,これはSを確立するのに十分である,The argument frame “this is enough to establish S” marks a standard move in philosophical reasoning.,「this is enough to establish S（これはSを確立するのに十分である）」は哲学的論証の標準的な動きを示す。,Argument frames,導出・反論・応答・理論比較を追うためのフレーム。
1195,8,this gives a necessary condition for P,これはPの必要条件を与える,The argument frame “this gives a necessary condition for P” marks a standard move in philosophical reasoning.,「this gives a necessary condition for P（これはPの必要条件を与える）」は哲学的論証の標準的な動きを示す。,Argument frames,導出・反論・応答・理論比較を追うためのフレーム。
1196,8,this gives a sufficient condition for P,これはPの十分条件を与える,The argument frame “this gives a sufficient condition for P” marks a standard move in philosophical reasoning.,「this gives a sufficient condition for P（これはPの十分条件を与える）」は哲学的論証の標準的な動きを示す。,Argument frames,導出・反論・応答・理論比較を追うためのフレーム。
1197,8,this establishes a prima facie case for P,これはPを一応支持する論拠を確立する,The argument frame “this establishes a prima facie case for P” marks a standard move in philosophical reasoning.,「this establishes a prima facie case for P（これはPを一応支持する論拠を確立する）」は哲学的論証の標準的な動きを示す。,Argument frames,導出・反論・応答・理論比較を追うためのフレーム。
1198,8,this shifts the burden of proof,これは立証責任を移す,The argument frame “this shifts the burden of proof” marks a standard move in philosophical reasoning.,「this shifts the burden of proof（これは立証責任を移す）」は哲学的論証の標準的な動きを示す。,Argument frames,導出・反論・応答・理論比較を追うためのフレーム。
1199,8,this reverses the direction of explanation,これは説明の方向を逆転させる,The argument frame “this reverses the direction of explanation” marks a standard move in philosophical reasoning.,「this reverses the direction of explanation（これは説明の方向を逆転させる）」は哲学的論証の標準的な動きを示す。,Argument frames,導出・反論・応答・理論比較を追うためのフレーム。
1200,8,this reframes the problem,これは問題を捉え直す,The argument frame “this reframes the problem” marks a standard move in philosophical reasoning.,「this reframes the problem（これは問題を捉え直す）」は哲学的論証の標準的な動きを示す。,Argument frames,導出・反論・応答・理論比較を追うためのフレーム。
1201,9,it may be that S,Sなのかもしれない,The qualifier “it may be that S” adjusts the strength or scope of a claim.,「it may be that S（Sなのかもしれない）」は主張の強さや適用範囲を調整する。,Hedging and scope,断定の強さ・適用範囲・留保を読む。
1202,9,it might be that S,Sなのかもしれない,The qualifier “it might be that S” adjusts the strength or scope of a claim.,「it might be that S（Sなのかもしれない）」は主張の強さや適用範囲を調整する。,Hedging and scope,断定の強さ・適用範囲・留保を読む。
1203,9,it could be that S,Sという可能性がある,The qualifier “it could be that S” adjusts the strength or scope of a claim.,「it could be that S（Sという可能性がある）」は主張の強さや適用範囲を調整する。,Hedging and scope,断定の強さ・適用範囲・留保を読む。
1204,9,it seems that S,Sのように見える,The qualifier “it seems that S” adjusts the strength or scope of a claim.,「it seems that S（Sのように見える）」は主張の強さや適用範囲を調整する。,Hedging and scope,断定の強さ・適用範囲・留保を読む。
1205,9,it appears that S,Sのように見える,The qualifier “it appears that S” adjusts the strength or scope of a claim.,「it appears that S（Sのように見える）」は主張の強さや適用範囲を調整する。,Hedging and scope,断定の強さ・適用範囲・留保を読む。
1206,9,it is reasonable to think that S,Sと考えるのが合理的である,The qualifier “it is reasonable to think that S” adjusts the strength or scope of a claim.,「it is reasonable to think that S（Sと考えるのが合理的である）」は主張の強さや適用範囲を調整する。,Hedging and scope,断定の強さ・適用範囲・留保を読む。
1207,9,there is some reason to think that S,Sと考える一定の理由がある,The qualifier “there is some reason to think that S” adjusts the strength or scope of a claim.,「there is some reason to think that S（Sと考える一定の理由がある）」は主張の強さや適用範囲を調整する。,Hedging and scope,断定の強さ・適用範囲・留保を読む。
1208,9,there is little reason to think that S,Sと考える理由はほとんどない,The qualifier “there is little reason to think that S” adjusts the strength or scope of a claim.,「there is little reason to think that S（Sと考える理由はほとんどない）」は主張の強さや適用範囲を調整する。,Hedging and scope,断定の強さ・適用範囲・留保を読む。
1209,9,S may suggest that P,SはPを示唆するかもしれない,The qualifier “S may suggest that P” adjusts the strength or scope of a claim.,「S may suggest that P（SはPを示唆するかもしれない）」は主張の強さや適用範囲を調整する。,Hedging and scope,断定の強さ・適用範囲・留保を読む。
1210,9,S may indicate that P,SはPを示すかもしれない,The qualifier “S may indicate that P” adjusts the strength or scope of a claim.,「S may indicate that P（SはPを示すかもしれない）」は主張の強さや適用範囲を調整する。,Hedging and scope,断定の強さ・適用範囲・留保を読む。
1211,9,S can be taken to mean P,SはPを意味すると理解できる,The qualifier “S can be taken to mean P” adjusts the strength or scope of a claim.,「S can be taken to mean P（SはPを意味すると理解できる）」は主張の強さや適用範囲を調整する。,Hedging and scope,断定の強さ・適用範囲・留保を読む。
1212,9,S can be interpreted as P,SはPと解釈できる,The qualifier “S can be interpreted as P” adjusts the strength or scope of a claim.,「S can be interpreted as P（SはPと解釈できる）」は主張の強さや適用範囲を調整する。,Hedging and scope,断定の強さ・適用範囲・留保を読む。
1213,9,S is best understood as P,SはPとして理解するのが最もよい,The qualifier “S is best understood as P” adjusts the strength or scope of a claim.,「S is best understood as P（SはPとして理解するのが最もよい）」は主張の強さや適用範囲を調整する。,Hedging and scope,断定の強さ・適用範囲・留保を読む。
1214,9,S should not be taken to mean P,SをPの意味に取るべきではない,The qualifier “S should not be taken to mean P” adjusts the strength or scope of a claim.,「S should not be taken to mean P（SをPの意味に取るべきではない）」は主張の強さや適用範囲を調整する。,Hedging and scope,断定の強さ・適用範囲・留保を読む。
1215,9,not necessarily,必ずしも〜ではない,The qualifier “not necessarily” adjusts the strength or scope of a claim.,「not necessarily（必ずしも〜ではない）」は主張の強さや適用範囲を調整する。,Hedging and scope,断定の強さ・適用範囲・留保を読む。
1216,9,not always,常に〜とは限らない,The qualifier “not always” adjusts the strength or scope of a claim.,「not always（常に〜とは限らない）」は主張の強さや適用範囲を調整する。,Hedging and scope,断定の強さ・適用範囲・留保を読む。
1217,9,not entirely,完全に〜というわけではない,The qualifier “not entirely” adjusts the strength or scope of a claim.,「not entirely（完全に〜というわけではない）」は主張の強さや適用範囲を調整する。,Hedging and scope,断定の強さ・適用範囲・留保を読む。
1218,9,not simply,単に〜というわけではない,The qualifier “not simply” adjusts the strength or scope of a claim.,「not simply（単に〜というわけではない）」は主張の強さや適用範囲を調整する。,Hedging and scope,断定の強さ・適用範囲・留保を読む。
1219,9,not merely,単に〜にすぎないわけではない,The qualifier “not merely” adjusts the strength or scope of a claim.,「not merely（単に〜にすぎないわけではない）」は主張の強さや適用範囲を調整する。,Hedging and scope,断定の強さ・適用範囲・留保を読む。
1220,9,not just,単に〜だけではない,The qualifier “not just” adjusts the strength or scope of a claim.,「not just（単に〜だけではない）」は主張の強さや適用範囲を調整する。,Hedging and scope,断定の強さ・適用範囲・留保を読む。
1221,9,not quite,完全には〜でない,The qualifier “not quite” adjusts the strength or scope of a claim.,「not quite（完全には〜でない）」は主張の強さや適用範囲を調整する。,Hedging and scope,断定の強さ・適用範囲・留保を読む。
1222,9,not fully,十分には〜でない,The qualifier “not fully” adjusts the strength or scope of a claim.,「not fully（十分には〜でない）」は主張の強さや適用範囲を調整する。,Hedging and scope,断定の強さ・適用範囲・留保を読む。
1223,9,not in itself,それ自体では〜でない,The qualifier “not in itself” adjusts the strength or scope of a claim.,「not in itself（それ自体では〜でない）」は主張の強さや適用範囲を調整する。,Hedging and scope,断定の強さ・適用範囲・留保を読む。
1224,9,at most,せいぜい,The qualifier “at most” adjusts the strength or scope of a claim.,「at most（せいぜい）」は主張の強さや適用範囲を調整する。,Hedging and scope,断定の強さ・適用範囲・留保を読む。
1225,9,at best,よくても；せいぜい,The qualifier “at best” adjusts the strength or scope of a claim.,「at best（よくても；せいぜい）」は主張の強さや適用範囲を調整する。,Hedging and scope,断定の強さ・適用範囲・留保を読む。
1226,9,at worst,最悪の場合,The qualifier “at worst” adjusts the strength or scope of a claim.,「at worst（最悪の場合）」は主張の強さや適用範囲を調整する。,Hedging and scope,断定の強さ・適用範囲・留保を読む。
1227,9,roughly speaking,大まかに言えば,The qualifier “roughly speaking” adjusts the strength or scope of a claim.,「roughly speaking（大まかに言えば）」は主張の強さや適用範囲を調整する。,Hedging and scope,断定の強さ・適用範囲・留保を読む。
1228,9,strictly speaking,厳密に言えば,The qualifier “strictly speaking” adjusts the strength or scope of a claim.,「strictly speaking（厳密に言えば）」は主張の強さや適用範囲を調整する。,Hedging and scope,断定の強さ・適用範囲・留保を読む。
1229,9,broadly speaking,広く言えば,The qualifier “broadly speaking” adjusts the strength or scope of a claim.,「broadly speaking（広く言えば）」は主張の強さや適用範囲を調整する。,Hedging and scope,断定の強さ・適用範囲・留保を読む。
1230,9,generally speaking,一般的に言えば,The qualifier “generally speaking” adjusts the strength or scope of a claim.,「generally speaking（一般的に言えば）」は主張の強さや適用範囲を調整する。,Hedging and scope,断定の強さ・適用範囲・留保を読む。
1231,9,more precisely,より正確に言えば,The qualifier “more precisely” adjusts the strength or scope of a claim.,「more precisely（より正確に言えば）」は主張の強さや適用範囲を調整する。,Hedging and scope,断定の強さ・適用範囲・留保を読む。
1232,9,more specifically,より具体的には,The qualifier “more specifically” adjusts the strength or scope of a claim.,「more specifically（より具体的には）」は主張の強さや適用範囲を調整する。,Hedging and scope,断定の強さ・適用範囲・留保を読む。
1233,9,in a broad sense,広い意味で,The qualifier “in a broad sense” adjusts the strength or scope of a claim.,「in a broad sense（広い意味で）」は主張の強さや適用範囲を調整する。,Hedging and scope,断定の強さ・適用範囲・留保を読む。
1234,9,in a narrow sense,狭い意味で,The qualifier “in a narrow sense” adjusts the strength or scope of a claim.,「in a narrow sense（狭い意味で）」は主張の強さや適用範囲を調整する。,Hedging and scope,断定の強さ・適用範囲・留保を読む。
1235,9,in one sense,ある意味では,The qualifier “in one sense” adjusts the strength or scope of a claim.,「in one sense（ある意味では）」は主張の強さや適用範囲を調整する。,Hedging and scope,断定の強さ・適用範囲・留保を読む。
1236,9,in another sense,別の意味では,The qualifier “in another sense” adjusts the strength or scope of a claim.,「in another sense（別の意味では）」は主張の強さや適用範囲を調整する。,Hedging and scope,断定の強さ・適用範囲・留保を読む。
1237,9,in this sense,この意味で,The qualifier “in this sense” adjusts the strength or scope of a claim.,「in this sense（この意味で）」は主張の強さや適用範囲を調整する。,Hedging and scope,断定の強さ・適用範囲・留保を読む。
1238,9,in the relevant sense,問題となっている意味で,The qualifier “in the relevant sense” adjusts the strength or scope of a claim.,「in the relevant sense（問題となっている意味で）」は主張の強さや適用範囲を調整する。,Hedging and scope,断定の強さ・適用範囲・留保を読む。
1239,9,under this interpretation,この解釈のもとでは,The qualifier “under this interpretation” adjusts the strength or scope of a claim.,「under this interpretation（この解釈のもとでは）」は主張の強さや適用範囲を調整する。,Hedging and scope,断定の強さ・適用範囲・留保を読む。
1240,9,on a strong reading,強い解釈では,The qualifier “on a strong reading” adjusts the strength or scope of a claim.,「on a strong reading（強い解釈では）」は主張の強さや適用範囲を調整する。,Hedging and scope,断定の強さ・適用範囲・留保を読む。
1241,9,on a weak reading,弱い解釈では,The qualifier “on a weak reading” adjusts the strength or scope of a claim.,「on a weak reading（弱い解釈では）」は主張の強さや適用範囲を調整する。,Hedging and scope,断定の強さ・適用範囲・留保を読む。
1242,9,to be clear,明確にしておくと,The qualifier “to be clear” adjusts the strength or scope of a claim.,「to be clear（明確にしておくと）」は主張の強さや適用範囲を調整する。,Hedging and scope,断定の強さ・適用範囲・留保を読む。
1243,9,to put it differently,別の言い方をすれば,The qualifier “to put it differently” adjusts the strength or scope of a claim.,「to put it differently（別の言い方をすれば）」は主張の強さや適用範囲を調整する。,Hedging and scope,断定の強さ・適用範囲・留保を読む。
1244,9,put differently,別の言い方をすれば,The qualifier “put differently” adjusts the strength or scope of a claim.,「put differently（別の言い方をすれば）」は主張の強さや適用範囲を調整する。,Hedging and scope,断定の強さ・適用範囲・留保を読む。
1245,9,more cautiously,より慎重に言えば,The qualifier “more cautiously” adjusts the strength or scope of a claim.,「more cautiously（より慎重に言えば）」は主張の強さや適用範囲を調整する。,Hedging and scope,断定の強さ・適用範囲・留保を読む。
1246,9,with some qualification,一定の留保つきで,The qualifier “with some qualification” adjusts the strength or scope of a claim.,「with some qualification（一定の留保つきで）」は主張の強さや適用範囲を調整する。,Hedging and scope,断定の強さ・適用範囲・留保を読む。
1247,9,subject to this qualification,この限定を条件として,The qualifier “subject to this qualification” adjusts the strength or scope of a claim.,「subject to this qualification（この限定を条件として）」は主張の強さや適用範囲を調整する。,Hedging and scope,断定の強さ・適用範囲・留保を読む。
1248,9,with this qualification in place,この限定を置けば,The qualifier “with this qualification in place” adjusts the strength or scope of a claim.,「with this qualification in place（この限定を置けば）」は主張の強さや適用範囲を調整する。,Hedging and scope,断定の強さ・適用範囲・留保を読む。
1249,9,arguably,論じうるところでは；おそらく,The qualifier “arguably” adjusts the strength or scope of a claim.,「arguably（論じうるところでは；おそらく）」は主張の強さや適用範囲を調整する。,Hedging and scope,断定の強さ・適用範囲・留保を読む。
1250,9,presumably,おそらく；推定上,The qualifier “presumably” adjusts the strength or scope of a claim.,「presumably（おそらく；推定上）」は主張の強さや適用範囲を調整する。,Hedging and scope,断定の強さ・適用範囲・留保を読む。
1251,9,apparently,見たところ,The qualifier “apparently” adjusts the strength or scope of a claim.,「apparently（見たところ）」は主張の強さや適用範囲を調整する。,Hedging and scope,断定の強さ・適用範囲・留保を読む。
1252,9,seemingly,見かけ上,The qualifier “seemingly” adjusts the strength or scope of a claim.,「seemingly（見かけ上）」は主張の強さや適用範囲を調整する。,Hedging and scope,断定の強さ・適用範囲・留保を読む。
1253,9,potentially,潜在的には,The qualifier “potentially” adjusts the strength or scope of a claim.,「potentially（潜在的には）」は主張の強さや適用範囲を調整する。,Hedging and scope,断定の強さ・適用範囲・留保を読む。
1254,9,possibly,ひょっとすると,The qualifier “possibly” adjusts the strength or scope of a claim.,「possibly（ひょっとすると）」は主張の強さや適用範囲を調整する。,Hedging and scope,断定の強さ・適用範囲・留保を読む。
1255,9,conceivably,考えうるところでは,The qualifier “conceivably” adjusts the strength or scope of a claim.,「conceivably（考えうるところでは）」は主張の強さや適用範囲を調整する。,Hedging and scope,断定の強さ・適用範囲・留保を読む。
1256,9,in all probability,おそらく,The qualifier “in all probability” adjusts the strength or scope of a claim.,「in all probability（おそらく）」は主張の強さや適用範囲を調整する。,Hedging and scope,断定の強さ・適用範囲・留保を読む。
1257,9,in all likelihood,おそらく,The qualifier “in all likelihood” adjusts the strength or scope of a claim.,「in all likelihood（おそらく）」は主張の強さや適用範囲を調整する。,Hedging and scope,断定の強さ・適用範囲・留保を読む。
1258,9,in most respects,ほとんどの点で,The qualifier “in most respects” adjusts the strength or scope of a claim.,「in most respects（ほとんどの点で）」は主張の強さや適用範囲を調整する。,Hedging and scope,断定の強さ・適用範囲・留保を読む。
1259,9,in certain respects,ある点では,The qualifier “in certain respects” adjusts the strength or scope of a claim.,「in certain respects（ある点では）」は主張の強さや適用範囲を調整する。,Hedging and scope,断定の強さ・適用範囲・留保を読む。
1260,9,in relevant respects,関連する点では,The qualifier “in relevant respects” adjusts the strength or scope of a claim.,「in relevant respects（関連する点では）」は主張の強さや適用範囲を調整する。,Hedging and scope,断定の強さ・適用範囲・留保を読む。
1261,9,in this limited sense,この限定された意味で,The qualifier “in this limited sense” adjusts the strength or scope of a claim.,「in this limited sense（この限定された意味で）」は主張の強さや適用範囲を調整する。,Hedging and scope,断定の強さ・適用範囲・留保を読む。
1262,9,in a qualified sense,限定された意味で,The qualifier “in a qualified sense” adjusts the strength or scope of a claim.,「in a qualified sense（限定された意味で）」は主張の強さや適用範囲を調整する。,Hedging and scope,断定の強さ・適用範囲・留保を読む。
1263,9,with an important qualification,重要な留保つきで,The qualifier “with an important qualification” adjusts the strength or scope of a claim.,「with an important qualification（重要な留保つきで）」は主張の強さや適用範囲を調整する。,Hedging and scope,断定の強さ・適用範囲・留保を読む。
1264,9,with one caveat,一つの留保をつけると,The qualifier “with one caveat” adjusts the strength or scope of a claim.,「with one caveat（一つの留保をつけると）」は主張の強さや適用範囲を調整する。,Hedging and scope,断定の強さ・適用範囲・留保を読む。
1265,9,with the caveat that S,Sという留保つきで,The qualifier “with the caveat that S” adjusts the strength or scope of a claim.,「with the caveat that S（Sという留保つきで）」は主張の強さや適用範囲を調整する。,Hedging and scope,断定の強さ・適用範囲・留保を読む。
1266,9,provided we distinguish P from Q,PとQを区別するなら,The qualifier “provided we distinguish P from Q” adjusts the strength or scope of a claim.,「provided we distinguish P from Q（PとQを区別するなら）」は主張の強さや適用範囲を調整する。,Hedging and scope,断定の強さ・適用範囲・留保を読む。
1267,9,provided we interpret P narrowly,Pを狭く解釈するなら,The qualifier “provided we interpret P narrowly” adjusts the strength or scope of a claim.,「provided we interpret P narrowly（Pを狭く解釈するなら）」は主張の強さや適用範囲を調整する。,Hedging and scope,断定の強さ・適用範囲・留保を読む。
1268,9,if understood broadly,広く理解するなら,The qualifier “if understood broadly” adjusts the strength or scope of a claim.,「if understood broadly（広く理解するなら）」は主張の強さや適用範囲を調整する。,Hedging and scope,断定の強さ・適用範囲・留保を読む。
1269,9,if understood narrowly,狭く理解するなら,The qualifier “if understood narrowly” adjusts the strength or scope of a claim.,「if understood narrowly（狭く理解するなら）」は主張の強さや適用範囲を調整する。,Hedging and scope,断定の強さ・適用範囲・留保を読む。
1270,9,on this interpretation,この解釈では,The qualifier “on this interpretation” adjusts the strength or scope of a claim.,「on this interpretation（この解釈では）」は主張の強さや適用範囲を調整する。,Hedging and scope,断定の強さ・適用範囲・留保を読む。
1271,9,on that interpretation,その解釈では,The qualifier “on that interpretation” adjusts the strength or scope of a claim.,「on that interpretation（その解釈では）」は主張の強さや適用範囲を調整する。,Hedging and scope,断定の強さ・適用範囲・留保を読む。
1272,9,on the most natural reading,最も自然な読みでは,The qualifier “on the most natural reading” adjusts the strength or scope of a claim.,「on the most natural reading（最も自然な読みでは）」は主張の強さや適用範囲を調整する。,Hedging and scope,断定の強さ・適用範囲・留保を読む。
1273,9,on a charitable reading,好意的に解釈すれば,The qualifier “on a charitable reading” adjusts the strength or scope of a claim.,「on a charitable reading（好意的に解釈すれば）」は主張の強さや適用範囲を調整する。,Hedging and scope,断定の強さ・適用範囲・留保を読む。
1274,9,on a literal reading,文字どおりの読みでは,The qualifier “on a literal reading” adjusts the strength or scope of a claim.,「on a literal reading（文字どおりの読みでは）」は主張の強さや適用範囲を調整する。,Hedging and scope,断定の強さ・適用範囲・留保を読む。
1275,9,in its strongest form,最も強い形では,The qualifier “in its strongest form” adjusts the strength or scope of a claim.,「in its strongest form（最も強い形では）」は主張の強さや適用範囲を調整する。,Hedging and scope,断定の強さ・適用範囲・留保を読む。
1276,9,in its weakest form,最も弱い形では,The qualifier “in its weakest form” adjusts the strength or scope of a claim.,「in its weakest form（最も弱い形では）」は主張の強さや適用範囲を調整する。,Hedging and scope,断定の強さ・適用範囲・留保を読む。
1277,9,in a restricted form,制限された形では,The qualifier “in a restricted form” adjusts the strength or scope of a claim.,「in a restricted form（制限された形では）」は主張の強さや適用範囲を調整する。,Hedging and scope,断定の強さ・適用範囲・留保を読む。
1278,9,in an unrestricted form,無制限な形では,The qualifier “in an unrestricted form” adjusts the strength or scope of a claim.,「in an unrestricted form（無制限な形では）」は主張の強さや適用範囲を調整する。,Hedging and scope,断定の強さ・適用範囲・留保を読む。
1279,9,within a restricted domain,限定された領域では,The qualifier “within a restricted domain” adjusts the strength or scope of a claim.,「within a restricted domain（限定された領域では）」は主張の強さや適用範囲を調整する。,Hedging and scope,断定の強さ・適用範囲・留保を読む。
1280,9,outside that domain,その領域の外では,The qualifier “outside that domain” adjusts the strength or scope of a claim.,「outside that domain（その領域の外では）」は主張の強さや適用範囲を調整する。,Hedging and scope,断定の強さ・適用範囲・留保を読む。
1281,9,for ordinary cases,通常事例については,The qualifier “for ordinary cases” adjusts the strength or scope of a claim.,「for ordinary cases（通常事例については）」は主張の強さや適用範囲を調整する。,Hedging and scope,断定の強さ・適用範囲・留保を読む。
1282,9,for borderline cases,境界事例については,The qualifier “for borderline cases” adjusts the strength or scope of a claim.,「for borderline cases（境界事例については）」は主張の強さや適用範囲を調整する。,Hedging and scope,断定の強さ・適用範囲・留保を読む。
1283,9,in exceptional cases,例外的事例では,The qualifier “in exceptional cases” adjusts the strength or scope of a claim.,「in exceptional cases（例外的事例では）」は主張の強さや適用範囲を調整する。,Hedging and scope,断定の強さ・適用範囲・留保を読む。
1284,9,as a first approximation,第一近似として,The qualifier “as a first approximation” adjusts the strength or scope of a claim.,「as a first approximation（第一近似として）」は主張の強さや適用範囲を調整する。,Hedging and scope,断定の強さ・適用範囲・留保を読む。
1285,9,as a rough approximation,大まかな近似として,The qualifier “as a rough approximation” adjusts the strength or scope of a claim.,「as a rough approximation（大まかな近似として）」は主張の強さや適用範囲を調整する。,Hedging and scope,断定の強さ・適用範囲・留保を読む。
1286,9,as a working definition,暫定的な作業定義として,The qualifier “as a working definition” adjusts the strength or scope of a claim.,「as a working definition（暫定的な作業定義として）」は主張の強さや適用範囲を調整する。,Hedging and scope,断定の強さ・適用範囲・留保を読む。
1287,9,for heuristic purposes,発見的な目的のために,The qualifier “for heuristic purposes” adjusts the strength or scope of a claim.,「for heuristic purposes（発見的な目的のために）」は主張の強さや適用範囲を調整する。,Hedging and scope,断定の強さ・適用範囲・留保を読む。
1288,9,for expository purposes,説明上の目的のために,The qualifier “for expository purposes” adjusts the strength or scope of a claim.,「for expository purposes（説明上の目的のために）」は主張の強さや適用範囲を調整する。,Hedging and scope,断定の強さ・適用範囲・留保を読む。
1289,9,without committing to P,Pにコミットせずに,The qualifier “without committing to P” adjusts the strength or scope of a claim.,「without committing to P（Pにコミットせずに）」は主張の強さや適用範囲を調整する。,Hedging and scope,断定の強さ・適用範囲・留保を読む。
1290,9,without assuming that S,Sを仮定せずに,The qualifier “without assuming that S” adjusts the strength or scope of a claim.,「without assuming that S（Sを仮定せずに）」は主張の強さや適用範囲を調整する。,Hedging and scope,断定の強さ・適用範囲・留保を読む。
1291,9,without implying that S,Sを含意せずに,The qualifier “without implying that S” adjusts the strength or scope of a claim.,「without implying that S（Sを含意せずに）」は主張の強さや適用範囲を調整する。,Hedging and scope,断定の強さ・適用範囲・留保を読む。
1292,9,without denying that S,Sを否定せずに,The qualifier “without denying that S” adjusts the strength or scope of a claim.,「without denying that S（Sを否定せずに）」は主張の強さや適用範囲を調整する。,Hedging and scope,断定の強さ・適用範囲・留保を読む。
1293,9,not to suggest that S,Sを示唆する意図ではなく,The qualifier “not to suggest that S” adjusts the strength or scope of a claim.,「not to suggest that S（Sを示唆する意図ではなく）」は主張の強さや適用範囲を調整する。,Hedging and scope,断定の強さ・適用範囲・留保を読む。
1294,9,this should not be overstated,これは誇張すべきではない,The qualifier “this should not be overstated” adjusts the strength or scope of a claim.,「this should not be overstated（これは誇張すべきではない）」は主張の強さや適用範囲を調整する。,Hedging and scope,断定の強さ・適用範囲・留保を読む。
1295,9,the point should not be pushed too far,この点を押し進めすぎるべきではない,The qualifier “the point should not be pushed too far” adjusts the strength or scope of a claim.,「the point should not be pushed too far（この点を押し進めすぎるべきではない）」は主張の強さや適用範囲を調整する。,Hedging and scope,断定の強さ・適用範囲・留保を読む。
1296,9,the claim should be qualified,その主張には限定が必要である,The qualifier “the claim should be qualified” adjusts the strength or scope of a claim.,「the claim should be qualified（その主張には限定が必要である）」は主張の強さや適用範囲を調整する。,Hedging and scope,断定の強さ・適用範囲・留保を読む。
1297,9,the conclusion should be tentative,結論は暫定的であるべきだ,The qualifier “the conclusion should be tentative” adjusts the strength or scope of a claim.,「the conclusion should be tentative（結論は暫定的であるべきだ）」は主張の強さや適用範囲を調整する。,Hedging and scope,断定の強さ・適用範囲・留保を読む。
1298,9,the result should be interpreted cautiously,結果は慎重に解釈すべきだ,The qualifier “the result should be interpreted cautiously” adjusts the strength or scope of a claim.,「the result should be interpreted cautiously（結果は慎重に解釈すべきだ）」は主張の強さや適用範囲を調整する。,Hedging and scope,断定の強さ・適用範囲・留保を読む。
1299,9,the evidence permits only a modest conclusion,証拠が許すのは控えめな結論だけである,The qualifier “the evidence permits only a modest conclusion” adjusts the strength or scope of a claim.,「the evidence permits only a modest conclusion（証拠が許すのは控えめな結論だけである）」は主張の強さや適用範囲を調整する。,Hedging and scope,断定の強さ・適用範囲・留保を読む。
1300,9,the claim is plausible only if S,その主張はSの場合に限りもっともらしい,The qualifier “the claim is plausible only if S” adjusts the strength or scope of a claim.,「the claim is plausible only if S（その主張はSの場合に限りもっともらしい）」は主張の強さや適用範囲を調整する。,Hedging and scope,断定の強さ・適用範囲・留保を読む。
1301,9,the view is defensible provided that S,その見解はSという条件なら擁護可能である,The qualifier “the view is defensible provided that S” adjusts the strength or scope of a claim.,「the view is defensible provided that S（その見解はSという条件なら擁護可能である）」は主張の強さや適用範囲を調整する。,Hedging and scope,断定の強さ・適用範囲・留保を読む。
1302,9,the account works within a limited domain,その説明は限定された領域で機能する,The qualifier “the account works within a limited domain” adjusts the strength or scope of a claim.,「the account works within a limited domain（その説明は限定された領域で機能する）」は主張の強さや適用範囲を調整する。,Hedging and scope,断定の強さ・適用範囲・留保を読む。
1303,9,the account should not be generalized too far,その説明を一般化しすぎるべきではない,The qualifier “the account should not be generalized too far” adjusts the strength or scope of a claim.,「the account should not be generalized too far（その説明を一般化しすぎるべきではない）」は主張の強さや適用範囲を調整する。,Hedging and scope,断定の強さ・適用範囲・留保を読む。
1304,9,the result may not generalize beyond P,その結果はPを超えて一般化できないかもしれない,The qualifier “the result may not generalize beyond P” adjusts the strength or scope of a claim.,「the result may not generalize beyond P（その結果はPを超えて一般化できないかもしれない）」は主張の強さや適用範囲を調整する。,Hedging and scope,断定の強さ・適用範囲・留保を読む。
1305,9,the point applies primarily to P,その点は主としてPに当てはまる,The qualifier “the point applies primarily to P” adjusts the strength or scope of a claim.,「the point applies primarily to P（その点は主としてPに当てはまる）」は主張の強さや適用範囲を調整する。,Hedging and scope,断定の強さ・適用範囲・留保を読む。
1306,9,the point applies only indirectly to P,その点はPには間接的にしか当てはまらない,The qualifier “the point applies only indirectly to P” adjusts the strength or scope of a claim.,「the point applies only indirectly to P（その点はPには間接的にしか当てはまらない）」は主張の強さや適用範囲を調整する。,Hedging and scope,断定の強さ・適用範囲・留保を読む。
1307,9,the point applies with some modification,その点は多少の修正を加えれば当てはまる,The qualifier “the point applies with some modification” adjusts the strength or scope of a claim.,「the point applies with some modification（その点は多少の修正を加えれば当てはまる）」は主張の強さや適用範囲を調整する。,Hedging and scope,断定の強さ・適用範囲・留保を読む。
1308,9,the claim is true in a limited sense,その主張は限定的な意味で真である,The qualifier “the claim is true in a limited sense” adjusts the strength or scope of a claim.,「the claim is true in a limited sense（その主張は限定的な意味で真である）」は主張の強さや適用範囲を調整する。,Hedging and scope,断定の強さ・適用範囲・留保を読む。
1309,9,the claim is false on the stronger reading,その主張は強い読みでは偽である,The qualifier “the claim is false on the stronger reading” adjusts the strength or scope of a claim.,「the claim is false on the stronger reading（その主張は強い読みでは偽である）」は主張の強さや適用範囲を調整する。,Hedging and scope,断定の強さ・適用範囲・留保を読む。
1310,9,the claim is trivial on the weaker reading,その主張は弱い読みでは自明である,The qualifier “the claim is trivial on the weaker reading” adjusts the strength or scope of a claim.,「the claim is trivial on the weaker reading（その主張は弱い読みでは自明である）」は主張の強さや適用範囲を調整する。,Hedging and scope,断定の強さ・適用範囲・留保を読む。
1311,9,the term is used loosely here,その用語はここでは緩く用いられている,The qualifier “the term is used loosely here” adjusts the strength or scope of a claim.,「the term is used loosely here（その用語はここでは緩く用いられている）」は主張の強さや適用範囲を調整する。,Hedging and scope,断定の強さ・適用範囲・留保を読む。
1312,9,the term is used in a technical sense,その用語は専門的な意味で用いられている,The qualifier “the term is used in a technical sense” adjusts the strength or scope of a claim.,「the term is used in a technical sense（その用語は専門的な意味で用いられている）」は主張の強さや適用範囲を調整する。,Hedging and scope,断定の強さ・適用範囲・留保を読む。
1313,9,the term should not be taken literally,その用語を文字どおりに取るべきではない,The qualifier “the term should not be taken literally” adjusts the strength or scope of a claim.,「the term should not be taken literally（その用語を文字どおりに取るべきではない）」は主張の強さや適用範囲を調整する。,Hedging and scope,断定の強さ・適用範囲・留保を読む。
1314,9,the expression is shorthand for P,その表現はPの略式表現である,The qualifier “the expression is shorthand for P” adjusts the strength or scope of a claim.,「the expression is shorthand for P（その表現はPの略式表現である）」は主張の強さや適用範囲を調整する。,Hedging and scope,断定の強さ・適用範囲・留保を読む。
1315,9,P is broadly correct,Pは大まかには正しい,The qualifier “P is broadly correct” adjusts the strength or scope of a claim.,「P is broadly correct（Pは大まかには正しい）」は主張の強さや適用範囲を調整する。,Hedging and scope,断定の強さ・適用範囲・留保を読む。
1316,9,P is approximately true,Pは近似的に真である,The qualifier “P is approximately true” adjusts the strength or scope of a claim.,「P is approximately true（Pは近似的に真である）」は主張の強さや適用範囲を調整する。,Hedging and scope,断定の強さ・適用範囲・留保を読む。
1317,9,P is only partly true,Pは部分的にしか真ではない,The qualifier “P is only partly true” adjusts the strength or scope of a claim.,「P is only partly true（Pは部分的にしか真ではない）」は主張の強さや適用範囲を調整する。,Hedging and scope,断定の強さ・適用範囲・留保を読む。
1318,9,P is true with qualifications,Pは限定つきで真である,The qualifier “P is true with qualifications” adjusts the strength or scope of a claim.,「P is true with qualifications（Pは限定つきで真である）」は主張の強さや適用範囲を調整する。,Hedging and scope,断定の強さ・適用範囲・留保を読む。
1319,9,P is at least plausible,Pは少なくとももっともらしい,The qualifier “P is at least plausible” adjusts the strength or scope of a claim.,「P is at least plausible（Pは少なくとももっともらしい）」は主張の強さや適用範囲を調整する。,Hedging and scope,断定の強さ・適用範囲・留保を読む。
1320,9,P is not obviously false,Pは明らかに偽というわけではない,The qualifier “P is not obviously false” adjusts the strength or scope of a claim.,「P is not obviously false（Pは明らかに偽というわけではない）」は主張の強さや適用範囲を調整する。,Hedging and scope,断定の強さ・適用範囲・留保を読む。
1321,9,P cannot be ruled out,Pを排除することはできない,The qualifier “P cannot be ruled out” adjusts the strength or scope of a claim.,「P cannot be ruled out（Pを排除することはできない）」は主張の強さや適用範囲を調整する。,Hedging and scope,断定の強さ・適用範囲・留保を読む。
1322,9,P remains a live possibility,Pはなお現実的な可能性として残る,The qualifier “P remains a live possibility” adjusts the strength or scope of a claim.,「P remains a live possibility（Pはなお現実的な可能性として残る）」は主張の強さや適用範囲を調整する。,Hedging and scope,断定の強さ・適用範囲・留保を読む。
1323,9,P remains open,Pは未決定のままである,The qualifier “P remains open” adjusts the strength or scope of a claim.,「P remains open（Pは未決定のままである）」は主張の強さや適用範囲を調整する。,Hedging and scope,断定の強さ・適用範囲・留保を読む。
1324,9,P should remain open,Pは未決定のままにすべきである,The qualifier “P should remain open” adjusts the strength or scope of a claim.,「P should remain open（Pは未決定のままにすべきである）」は主張の強さや適用範囲を調整する。,Hedging and scope,断定の強さ・適用範囲・留保を読む。
1325,9,P is less clear than it first appears,Pは一見するほど明確ではない,The qualifier “P is less clear than it first appears” adjusts the strength or scope of a claim.,「P is less clear than it first appears（Pは一見するほど明確ではない）」は主張の強さや適用範囲を調整する。,Hedging and scope,断定の強さ・適用範囲・留保を読む。
1326,9,P is more complicated than it appears,Pは見かけより複雑である,The qualifier “P is more complicated than it appears” adjusts the strength or scope of a claim.,「P is more complicated than it appears（Pは見かけより複雑である）」は主張の強さや適用範囲を調整する。,Hedging and scope,断定の強さ・適用範囲・留保を読む。
1327,9,P may be overstated,Pは誇張されているかもしれない,The qualifier “P may be overstated” adjusts the strength or scope of a claim.,「P may be overstated（Pは誇張されているかもしれない）」は主張の強さや適用範囲を調整する。,Hedging and scope,断定の強さ・適用範囲・留保を読む。
1328,9,P may be too strong,Pは強すぎるかもしれない,The qualifier “P may be too strong” adjusts the strength or scope of a claim.,「P may be too strong（Pは強すぎるかもしれない）」は主張の強さや適用範囲を調整する。,Hedging and scope,断定の強さ・適用範囲・留保を読む。
1329,9,P may be too weak,Pは弱すぎるかもしれない,The qualifier “P may be too weak” adjusts the strength or scope of a claim.,「P may be too weak（Pは弱すぎるかもしれない）」は主張の強さや適用範囲を調整する。,Hedging and scope,断定の強さ・適用範囲・留保を読む。
1330,9,P may require qualification,Pには限定が必要かもしれない,The qualifier “P may require qualification” adjusts the strength or scope of a claim.,「P may require qualification（Pには限定が必要かもしれない）」は主張の強さや適用範囲を調整する。,Hedging and scope,断定の強さ・適用範囲・留保を読む。
1331,9,P may hold only under Q,PはQのもとでのみ成り立つかもしれない,The qualifier “P may hold only under Q” adjusts the strength or scope of a claim.,「P may hold only under Q（PはQのもとでのみ成り立つかもしれない）」は主張の強さや適用範囲を調整する。,Hedging and scope,断定の強さ・適用範囲・留保を読む。
1332,9,P seems to depend on Q,PはQに依存するように見える,The qualifier “P seems to depend on Q” adjusts the strength or scope of a claim.,「P seems to depend on Q（PはQに依存するように見える）」は主張の強さや適用範囲を調整する。,Hedging and scope,断定の強さ・適用範囲・留保を読む。
1333,9,P appears to vary with Q,PはQに応じて変化するように見える,The qualifier “P appears to vary with Q” adjusts the strength or scope of a claim.,「P appears to vary with Q（PはQに応じて変化するように見える）」は主張の強さや適用範囲を調整する。,Hedging and scope,断定の強さ・適用範囲・留保を読む。
1334,9,P should be understood relative to Q,PはQとの関係で理解すべきである,The qualifier “P should be understood relative to Q” adjusts the strength or scope of a claim.,「P should be understood relative to Q（PはQとの関係で理解すべきである）」は主張の強さや適用範囲を調整する。,Hedging and scope,断定の強さ・適用範囲・留保を読む。
1335,9,P should be interpreted in context,Pは文脈の中で解釈すべきである,The qualifier “P should be interpreted in context” adjusts the strength or scope of a claim.,「P should be interpreted in context（Pは文脈の中で解釈すべきである）」は主張の強さや適用範囲を調整する。,Hedging and scope,断定の強さ・適用範囲・留保を読む。
1336,9,P should be distinguished from Q,PはQから区別すべきである,The qualifier “P should be distinguished from Q” adjusts the strength or scope of a claim.,「P should be distinguished from Q（PはQから区別すべきである）」は主張の強さや適用範囲を調整する。,Hedging and scope,断定の強さ・適用範囲・留保を読む。
1337,9,P should not be confused with Q,PをQと混同すべきではない,The qualifier “P should not be confused with Q” adjusts the strength or scope of a claim.,「P should not be confused with Q（PをQと混同すべきではない）」は主張の強さや適用範囲を調整する。,Hedging and scope,断定の強さ・適用範囲・留保を読む。
1338,9,P is perhaps better described as Q,PはQと記述する方がよいかもしれない,The qualifier “P is perhaps better described as Q” adjusts the strength or scope of a claim.,「P is perhaps better described as Q（PはQと記述する方がよいかもしれない）」は主張の強さや適用範囲を調整する。,Hedging and scope,断定の強さ・適用範囲・留保を読む。
1339,9,P is better understood as Q,PはQとして理解する方がよい,The qualifier “P is better understood as Q” adjusts the strength or scope of a claim.,「P is better understood as Q（PはQとして理解する方がよい）」は主張の強さや適用範囲を調整する。,Hedging and scope,断定の強さ・適用範囲・留保を読む。
1340,9,P might instead be understood as Q,PはむしろQとして理解できるかもしれない,The qualifier “P might instead be understood as Q” adjusts the strength or scope of a claim.,「P might instead be understood as Q（PはむしろQとして理解できるかもしれない）」は主張の強さや適用範囲を調整する。,Hedging and scope,断定の強さ・適用範囲・留保を読む。
1341,9,one could argue that S,Sと論じることもできる,The qualifier “one could argue that S” adjusts the strength or scope of a claim.,「one could argue that S（Sと論じることもできる）」は主張の強さや適用範囲を調整する。,Hedging and scope,断定の強さ・適用範囲・留保を読む。
1342,9,one could object that S,Sと反論することもできる,The qualifier “one could object that S” adjusts the strength or scope of a claim.,「one could object that S（Sと反論することもできる）」は主張の強さや適用範囲を調整する。,Hedging and scope,断定の強さ・適用範囲・留保を読む。
1343,9,one might reasonably think that S,Sと合理的に考えることもできる,The qualifier “one might reasonably think that S” adjusts the strength or scope of a claim.,「one might reasonably think that S（Sと合理的に考えることもできる）」は主張の強さや適用範囲を調整する。,Hedging and scope,断定の強さ・適用範囲・留保を読む。
1344,9,it would be premature to conclude that S,Sと結論するのは時期尚早である,The qualifier “it would be premature to conclude that S” adjusts the strength or scope of a claim.,「it would be premature to conclude that S（Sと結論するのは時期尚早である）」は主張の強さや適用範囲を調整する。,Hedging and scope,断定の強さ・適用範囲・留保を読む。
1345,9,it would be misleading to say that S,Sと言うのは誤解を招く,The qualifier “it would be misleading to say that S” adjusts the strength or scope of a claim.,「it would be misleading to say that S（Sと言うのは誤解を招く）」は主張の強さや適用範囲を調整する。,Hedging and scope,断定の強さ・適用範囲・留保を読む。
1346,9,it would be too strong to claim that S,Sと主張するのは強すぎる,The qualifier “it would be too strong to claim that S” adjusts the strength or scope of a claim.,「it would be too strong to claim that S（Sと主張するのは強すぎる）」は主張の強さや適用範囲を調整する。,Hedging and scope,断定の強さ・適用範囲・留保を読む。
1347,9,it would be safer to say that S,Sと言う方が安全である,The qualifier “it would be safer to say that S” adjusts the strength or scope of a claim.,「it would be safer to say that S（Sと言う方が安全である）」は主張の強さや適用範囲を調整する。,Hedging and scope,断定の強さ・適用範囲・留保を読む。
1348,9,a more modest claim is that S,より控えめな主張はSである,The qualifier “a more modest claim is that S” adjusts the strength or scope of a claim.,「a more modest claim is that S（より控えめな主張はSである）」は主張の強さや適用範囲を調整する。,Hedging and scope,断定の強さ・適用範囲・留保を読む。
1349,9,in a provisional sense,暫定的な意味で,The expression “in a provisional sense” is useful for reading this level of academic argument.,「in a provisional sense（暫定的な意味で）」はこの難易度帯の学術的議論を読むうえで有用である。,Hedging and scope,読解時に一つの意味単位として認識する。
1350,9,subject to revision,修正の可能性を残して,The expression “subject to revision” is useful for reading this level of academic argument.,「subject to revision（修正の可能性を残して）」はこの難易度帯の学術的議論を読むうえで有用である。,Hedging and scope,読解時に一つの意味単位として認識する。
1351,10,for the sake of argument,議論のためにひとまず,The philosophical frame “for the sake of argument” is common in advanced argumentation.,「for the sake of argument（議論のためにひとまず）」は高度な哲学的論証で用いられる。,Philosophical frames,哲学論文の論理・様相・基礎づけ・規範表現。
1352,10,grant for the sake of argument that S,議論のためにSを認めよう,The philosophical frame “grant for the sake of argument that S” is common in advanced argumentation.,「grant for the sake of argument that S（議論のためにSを認めよう）」は高度な哲学的論証で用いられる。,Philosophical frames,哲学論文の論理・様相・基礎づけ・規範表現。
1353,10,all else being equal,他の条件が同じなら,The philosophical frame “all else being equal” is common in advanced argumentation.,「all else being equal（他の条件が同じなら）」は高度な哲学的論証で用いられる。,Philosophical frames,哲学論文の論理・様相・基礎づけ・規範表現。
1354,10,other things being equal,他の条件が同じなら,The philosophical frame “other things being equal” is common in advanced argumentation.,「other things being equal（他の条件が同じなら）」は高度な哲学的論証で用いられる。,Philosophical frames,哲学論文の論理・様相・基礎づけ・規範表現。
1355,10,by definition,定義上,The philosophical frame “by definition” is common in advanced argumentation.,「by definition（定義上）」は高度な哲学的論証で用いられる。,Philosophical frames,哲学論文の論理・様相・基礎づけ・規範表現。
1356,10,as a matter of definition,定義上の問題として,The philosophical frame “as a matter of definition” is common in advanced argumentation.,「as a matter of definition（定義上の問題として）」は高度な哲学的論証で用いられる。,Philosophical frames,哲学論文の論理・様相・基礎づけ・規範表現。
1357,10,conceptually distinct from,概念的に〜とは別である,The philosophical frame “conceptually distinct from” is common in advanced argumentation.,「conceptually distinct from（概念的に〜とは別である）」は高度な哲学的論証で用いられる。,Philosophical frames,哲学論文の論理・様相・基礎づけ・規範表現。
1358,10,logically independent of,論理的に〜から独立している,The philosophical frame “logically independent of” is common in advanced argumentation.,「logically independent of（論理的に〜から独立している）」は高度な哲学的論証で用いられる。,Philosophical frames,哲学論文の論理・様相・基礎づけ・規範表現。
1359,10,necessary for,〜に必要である,The philosophical frame “necessary for” is common in advanced argumentation.,「necessary for（〜に必要である）」は高度な哲学的論証で用いられる。,Philosophical frames,哲学論文の論理・様相・基礎づけ・規範表現。
1360,10,sufficient for,〜に十分である,The philosophical frame “sufficient for” is common in advanced argumentation.,「sufficient for（〜に十分である）」は高度な哲学的論証で用いられる。,Philosophical frames,哲学論文の論理・様相・基礎づけ・規範表現。
1361,10,necessary but not sufficient,必要だが十分ではない,The philosophical frame “necessary but not sufficient” is common in advanced argumentation.,「necessary but not sufficient（必要だが十分ではない）」は高度な哲学的論証で用いられる。,Philosophical frames,哲学論文の論理・様相・基礎づけ・規範表現。
1362,10,sufficient but not necessary,十分だが必要ではない,The philosophical frame “sufficient but not necessary” is common in advanced argumentation.,「sufficient but not necessary（十分だが必要ではない）」は高度な哲学的論証で用いられる。,Philosophical frames,哲学論文の論理・様相・基礎づけ・規範表現。
1363,10,a necessary condition for,〜の必要条件,The philosophical frame “a necessary condition for” is common in advanced argumentation.,「a necessary condition for（〜の必要条件）」は高度な哲学的論証で用いられる。,Philosophical frames,哲学論文の論理・様相・基礎づけ・規範表現。
1364,10,a sufficient condition for,〜の十分条件,The philosophical frame “a sufficient condition for” is common in advanced argumentation.,「a sufficient condition for（〜の十分条件）」は高度な哲学的論証で用いられる。,Philosophical frames,哲学論文の論理・様相・基礎づけ・規範表現。
1365,10,necessary and sufficient conditions,必要十分条件,The philosophical frame “necessary and sufficient conditions” is common in advanced argumentation.,「necessary and sufficient conditions（必要十分条件）」は高度な哲学的論証で用いられる。,Philosophical frames,哲学論文の論理・様相・基礎づけ・規範表現。
1366,10,"if P, then Q",PならばQ,"The philosophical frame “if P, then Q” is common in advanced argumentation.","「if P, then Q（PならばQ）」は高度な哲学的論証で用いられる。",Philosophical frames,哲学論文の論理・様相・基礎づけ・規範表現。
1367,10,P only if Q,PならばQでなければならない,The philosophical frame “P only if Q” is common in advanced argumentation.,「P only if Q（PならばQでなければならない）」は高度な哲学的論証で用いられる。,Philosophical frames,哲学論文の論理・様相・基礎づけ・規範表現。
1368,10,P if Q,QならばP,The philosophical frame “P if Q” is common in advanced argumentation.,「P if Q（QならばP）」は高度な哲学的論証で用いられる。,Philosophical frames,哲学論文の論理・様相・基礎づけ・規範表現。
1369,10,P if and only if Q,PであるのはQの場合かつその場合に限る,The philosophical frame “P if and only if Q” is common in advanced argumentation.,「P if and only if Q（PであるのはQの場合かつその場合に限る）」は高度な哲学的論証で用いられる。,Philosophical frames,哲学論文の論理・様相・基礎づけ・規範表現。
1370,10,it is sufficient that S,Sであれば十分である,The philosophical frame “it is sufficient that S” is common in advanced argumentation.,「it is sufficient that S（Sであれば十分である）」は高度な哲学的論証で用いられる。,Philosophical frames,哲学論文の論理・様相・基礎づけ・規範表現。
1371,10,necessarily,必然的に,The philosophical frame “necessarily” is common in advanced argumentation.,「necessarily（必然的に）」は高度な哲学的論証で用いられる。,Philosophical frames,哲学論文の論理・様相・基礎づけ・規範表現。
1372,10,contingently,偶然的に；必然ではなく,The philosophical frame “contingently” is common in advanced argumentation.,「contingently（偶然的に；必然ではなく）」は高度な哲学的論証で用いられる。,Philosophical frames,哲学論文の論理・様相・基礎づけ・規範表現。
1373,10,in all possible cases,すべての可能な事例で,The philosophical frame “in all possible cases” is common in advanced argumentation.,「in all possible cases（すべての可能な事例で）」は高度な哲学的論証で用いられる。,Philosophical frames,哲学論文の論理・様相・基礎づけ・規範表現。
1374,10,in the actual world,現実世界では,The philosophical frame “in the actual world” is common in advanced argumentation.,「in the actual world（現実世界では）」は高度な哲学的論証で用いられる。,Philosophical frames,哲学論文の論理・様相・基礎づけ・規範表現。
1375,10,in a possible world,ある可能世界では,The philosophical frame “in a possible world” is common in advanced argumentation.,「in a possible world（ある可能世界では）」は高度な哲学的論証で用いられる。,Philosophical frames,哲学論文の論理・様相・基礎づけ・規範表現。
1376,10,counterfactually depends on,反事実的に〜に依存する,The philosophical frame “counterfactually depends on” is common in advanced argumentation.,「counterfactually depends on（反事実的に〜に依存する）」は高度な哲学的論証で用いられる。,Philosophical frames,哲学論文の論理・様相・基礎づけ・規範表現。
1377,10,"had P been the case, Q would have followed",もしPだったならQだっただろう,"The philosophical frame “had P been the case, Q would have followed” is common in advanced argumentation.","「had P been the case, Q would have followed（もしPだったならQだっただろう）」は高度な哲学的論証で用いられる。",Philosophical frames,哲学論文の論理・様相・基礎づけ・規範表現。
1378,10,"were P the case, Q would follow",もしPならQだろう,"The philosophical frame “were P the case, Q would follow” is common in advanced argumentation.","「were P the case, Q would follow（もしPならQだろう）」は高度な哲学的論証で用いられる。",Philosophical frames,哲学論文の論理・様相・基礎づけ・規範表現。
1379,10,in the relevant counterfactual situation,関連する反事実的状況では,The philosophical frame “in the relevant counterfactual situation” is common in advanced argumentation.,「in the relevant counterfactual situation（関連する反事実的状況では）」は高度な哲学的論証で用いられる。,Philosophical frames,哲学論文の論理・様相・基礎づけ・規範表現。
1380,10,in possible-world terms,可能世界の用語で言えば,The philosophical frame “in possible-world terms” is common in advanced argumentation.,「in possible-world terms（可能世界の用語で言えば）」は高度な哲学的論証で用いられる。,Philosophical frames,哲学論文の論理・様相・基礎づけ・規範表現。
1381,10,at the level of explanation,説明のレベルで,The philosophical frame “at the level of explanation” is common in advanced argumentation.,「at the level of explanation（説明のレベルで）」は高度な哲学的論証で用いられる。,Philosophical frames,哲学論文の論理・様相・基礎づけ・規範表現。
1382,10,at the metaphysical level,形而上学的レベルで,The philosophical frame “at the metaphysical level” is common in advanced argumentation.,「at the metaphysical level（形而上学的レベルで）」は高度な哲学的論証で用いられる。,Philosophical frames,哲学論文の論理・様相・基礎づけ・規範表現。
1383,10,at the epistemic level,認識的レベルで,The philosophical frame “at the epistemic level” is common in advanced argumentation.,「at the epistemic level（認識的レベルで）」は高度な哲学的論証で用いられる。,Philosophical frames,哲学論文の論理・様相・基礎づけ・規範表現。
1384,10,at the normative level,規範的レベルで,The philosophical frame “at the normative level” is common in advanced argumentation.,「at the normative level（規範的レベルで）」は高度な哲学的論証で用いられる。,Philosophical frames,哲学論文の論理・様相・基礎づけ・規範表現。
1385,10,from an epistemic point of view,認識的観点から,The philosophical frame “from an epistemic point of view” is common in advanced argumentation.,「from an epistemic point of view（認識的観点から）」は高度な哲学的論証で用いられる。,Philosophical frames,哲学論文の論理・様相・基礎づけ・規範表現。
1386,10,from a normative point of view,規範的観点から,The philosophical frame “from a normative point of view” is common in advanced argumentation.,「from a normative point of view（規範的観点から）」は高度な哲学的論証で用いられる。,Philosophical frames,哲学論文の論理・様相・基礎づけ・規範表現。
1387,10,from a metaphysical point of view,形而上学的観点から,The philosophical frame “from a metaphysical point of view” is common in advanced argumentation.,「from a metaphysical point of view（形而上学的観点から）」は高度な哲学的論証で用いられる。,Philosophical frames,哲学論文の論理・様相・基礎づけ・規範表現。
1388,10,in epistemic terms,認識的な用語で言えば,The philosophical frame “in epistemic terms” is common in advanced argumentation.,「in epistemic terms（認識的な用語で言えば）」は高度な哲学的論証で用いられる。,Philosophical frames,哲学論文の論理・様相・基礎づけ・規範表現。
1389,10,in normative terms,規範的な用語で言えば,The philosophical frame “in normative terms” is common in advanced argumentation.,「in normative terms（規範的な用語で言えば）」は高度な哲学的論証で用いられる。,Philosophical frames,哲学論文の論理・様相・基礎づけ・規範表現。
1390,10,in metaphysical terms,形而上学的な用語で言えば,The philosophical frame “in metaphysical terms” is common in advanced argumentation.,「in metaphysical terms（形而上学的な用語で言えば）」は高度な哲学的論証で用いられる。,Philosophical frames,哲学論文の論理・様相・基礎づけ・規範表現。
1391,10,the possibility of P without Q,QなしのPの可能性,The philosophical frame “the possibility of P without Q” is common in advanced argumentation.,「the possibility of P without Q（QなしのPの可能性）」は高度な哲学的論証で用いられる。,Philosophical frames,哲学論文の論理・様相・基礎づけ・規範表現。
1392,10,the impossibility of P without Q,QなしのPの不可能性,The philosophical frame “the impossibility of P without Q” is common in advanced argumentation.,「the impossibility of P without Q（QなしのPの不可能性）」は高度な哲学的論証で用いられる。,Philosophical frames,哲学論文の論理・様相・基礎づけ・規範表現。
1393,10,P is constitutive of Q,PはQを構成する,The philosophical frame “P is constitutive of Q” is common in advanced argumentation.,「P is constitutive of Q（PはQを構成する）」は高度な哲学的論証で用いられる。,Philosophical frames,哲学論文の論理・様相・基礎づけ・規範表現。
1394,10,"P is merely causal, not constitutive",Pは構成的ではなく単に因果的である,"The philosophical frame “P is merely causal, not constitutive” is common in advanced argumentation.","「P is merely causal, not constitutive（Pは構成的ではなく単に因果的である）」は高度な哲学的論証で用いられる。",Philosophical frames,哲学論文の論理・様相・基礎づけ・規範表現。
1395,10,P is grounded in Q,PはQに基礎づけられる,The philosophical frame “P is grounded in Q” is common in advanced argumentation.,「P is grounded in Q（PはQに基礎づけられる）」は高度な哲学的論証で用いられる。,Philosophical frames,哲学論文の論理・様相・基礎づけ・規範表現。
1396,10,P supervenes on Q,PはQに付随する,The philosophical frame “P supervenes on Q” is common in advanced argumentation.,「P supervenes on Q（PはQに付随する）」は高度な哲学的論証で用いられる。,Philosophical frames,哲学論文の論理・様相・基礎づけ・規範表現。
1397,10,P reduces to Q,PはQに還元される,The philosophical frame “P reduces to Q” is common in advanced argumentation.,「P reduces to Q（PはQに還元される）」は高度な哲学的論証で用いられる。,Philosophical frames,哲学論文の論理・様相・基礎づけ・規範表現。
1398,10,P is irreducible to Q,PはQに還元できない,The philosophical frame “P is irreducible to Q” is common in advanced argumentation.,「P is irreducible to Q（PはQに還元できない）」は高度な哲学的論証で用いられる。,Philosophical frames,哲学論文の論理・様相・基礎づけ・規範表現。
1399,10,P is explained in terms of Q,PはQによって説明される,The philosophical frame “P is explained in terms of Q” is common in advanced argumentation.,「P is explained in terms of Q（PはQによって説明される）」は高度な哲学的論証で用いられる。,Philosophical frames,哲学論文の論理・様相・基礎づけ・規範表現。
1400,10,P has explanatory priority over Q,PはQより説明上優先する,The philosophical frame “P has explanatory priority over Q” is common in advanced argumentation.,「P has explanatory priority over Q（PはQより説明上優先する）」は高度な哲学的論証で用いられる。,Philosophical frames,哲学論文の論理・様相・基礎づけ・規範表現。
1401,10,P has normative priority over Q,PはQより規範的に優先する,The philosophical frame “P has normative priority over Q” is common in advanced argumentation.,「P has normative priority over Q（PはQより規範的に優先する）」は高度な哲学的論証で用いられる。,Philosophical frames,哲学論文の論理・様相・基礎づけ・規範表現。
1402,10,P is prior to Q,PはQに先行する；優先する,The philosophical frame “P is prior to Q” is common in advanced argumentation.,「P is prior to Q（PはQに先行する；優先する）」は高度な哲学的論証で用いられる。,Philosophical frames,哲学論文の論理・様相・基礎づけ・規範表現。
1403,10,P is posterior to Q,PはQに後続する,The philosophical frame “P is posterior to Q” is common in advanced argumentation.,「P is posterior to Q（PはQに後続する）」は高度な哲学的論証で用いられる。,Philosophical frames,哲学論文の論理・様相・基礎づけ・規範表現。
1404,10,P depends on Q in virtue of R,PはRゆえにQに依存する,The philosophical frame “P depends on Q in virtue of R” is common in advanced argumentation.,「P depends on Q in virtue of R（PはRゆえにQに依存する）」は高度な哲学的論証で用いられる。,Philosophical frames,哲学論文の論理・様相・基礎づけ・規範表現。
1405,10,P is true in virtue of Q,PはQゆえに真である,The philosophical frame “P is true in virtue of Q” is common in advanced argumentation.,「P is true in virtue of Q（PはQゆえに真である）」は高度な哲学的論証で用いられる。,Philosophical frames,哲学論文の論理・様相・基礎づけ・規範表現。
1406,10,P makes Q true,PがQを真にする,The philosophical frame “P makes Q true” is common in advanced argumentation.,「P makes Q true（PがQを真にする）」は高度な哲学的論証で用いられる。,Philosophical frames,哲学論文の論理・様相・基礎づけ・規範表現。
1407,10,P is a truthmaker for Q,PはQの真理形成者である,The philosophical frame “P is a truthmaker for Q” is common in advanced argumentation.,「P is a truthmaker for Q（PはQの真理形成者である）」は高度な哲学的論証で用いられる。,Philosophical frames,哲学論文の論理・様相・基礎づけ・規範表現。
1408,10,P is evidence for Q,PはQの証拠である,The philosophical frame “P is evidence for Q” is common in advanced argumentation.,「P is evidence for Q（PはQの証拠である）」は高度な哲学的論証で用いられる。,Philosophical frames,哲学論文の論理・様相・基礎づけ・規範表現。
1409,10,P is evidence against Q,PはQに反する証拠である,The philosophical frame “P is evidence against Q” is common in advanced argumentation.,「P is evidence against Q（PはQに反する証拠である）」は高度な哲学的論証で用いられる。,Philosophical frames,哲学論文の論理・様相・基礎づけ・規範表現。
1410,10,P provides defeasible support for Q,PはQを打ち消し可能な形で支持する,The philosophical frame “P provides defeasible support for Q” is common in advanced argumentation.,「P provides defeasible support for Q（PはQを打ち消し可能な形で支持する）」は高度な哲学的論証で用いられる。,Philosophical frames,哲学論文の論理・様相・基礎づけ・規範表現。
1411,10,P defeats the justification for Q,PはQの正当化を打ち消す,The philosophical frame “P defeats the justification for Q” is common in advanced argumentation.,「P defeats the justification for Q（PはQの正当化を打ち消す）」は高度な哲学的論証で用いられる。,Philosophical frames,哲学論文の論理・様相・基礎づけ・規範表現。
1412,10,P undercuts the support for Q,PはQへの支持を弱める,The philosophical frame “P undercuts the support for Q” is common in advanced argumentation.,「P undercuts the support for Q（PはQへの支持を弱める）」は高度な哲学的論証で用いられる。,Philosophical frames,哲学論文の論理・様相・基礎づけ・規範表現。
1413,10,P rebuts Q,PはQを反駁する,The philosophical frame “P rebuts Q” is common in advanced argumentation.,「P rebuts Q（PはQを反駁する）」は高度な哲学的論証で用いられる。,Philosophical frames,哲学論文の論理・様相・基礎づけ・規範表現。
1414,10,P is prima facie justified,Pは一応正当化されている,The philosophical frame “P is prima facie justified” is common in advanced argumentation.,「P is prima facie justified（Pは一応正当化されている）」は高度な哲学的論証で用いられる。,Philosophical frames,哲学論文の論理・様相・基礎づけ・規範表現。
1415,10,prima facie reason to,一応の理由,The philosophical frame “prima facie reason to” is common in advanced argumentation.,「prima facie reason to（一応の理由）」は高度な哲学的論証で用いられる。,Philosophical frames,哲学論文の論理・様相・基礎づけ・規範表現。
1416,10,all things considered,すべてを考慮すると,The philosophical frame “all things considered” is common in advanced argumentation.,「all things considered（すべてを考慮すると）」は高度な哲学的論証で用いられる。,Philosophical frames,哲学論文の論理・様相・基礎づけ・規範表現。
1417,10,on balance,総合的に見ると,The philosophical frame “on balance” is common in advanced argumentation.,「on balance（総合的に見ると）」は高度な哲学的論証で用いられる。,Philosophical frames,哲学論文の論理・様相・基礎づけ・規範表現。
1418,10,pro tanto reason,それ自体としての理由；一応の理由,The philosophical frame “pro tanto reason” is common in advanced argumentation.,「pro tanto reason（それ自体としての理由；一応の理由）」は高度な哲学的論証で用いられる。,Philosophical frames,哲学論文の論理・様相・基礎づけ・規範表現。
1419,10,a reason that can be overridden,他の理由によって上回られうる理由,The philosophical frame “a reason that can be overridden” is common in advanced argumentation.,「a reason that can be overridden（他の理由によって上回られうる理由）」は高度な哲学的論証で用いられる。,Philosophical frames,哲学論文の論理・様相・基礎づけ・規範表現。
1420,10,under ideal conditions,理想的条件下では,The philosophical frame “under ideal conditions” is common in advanced argumentation.,「under ideal conditions（理想的条件下では）」は高度な哲学的論証で用いられる。,Philosophical frames,哲学論文の論理・様相・基礎づけ・規範表現。
1421,10,under non-ideal conditions,非理想的条件下では,The philosophical frame “under non-ideal conditions” is common in advanced argumentation.,「under non-ideal conditions（非理想的条件下では）」は高度な哲学的論証で用いられる。,Philosophical frames,哲学論文の論理・様相・基礎づけ・規範表現。
1422,10,ideal theory assumes that S,理想理論はSを仮定する,The philosophical frame “ideal theory assumes that S” is common in advanced argumentation.,「ideal theory assumes that S（理想理論はSを仮定する）」は高度な哲学的論証で用いられる。,Philosophical frames,哲学論文の論理・様相・基礎づけ・規範表現。
1423,10,non-ideal theory asks how S,非理想理論はSがどのように生じるかを問う,The philosophical frame “non-ideal theory asks how S” is common in advanced argumentation.,「non-ideal theory asks how S（非理想理論はSがどのように生じるかを問う）」は高度な哲学的論証で用いられる。,Philosophical frames,哲学論文の論理・様相・基礎づけ・規範表現。
1424,10,from the first-person perspective,一人称的観点から,The philosophical frame “from the first-person perspective” is common in advanced argumentation.,「from the first-person perspective（一人称的観点から）」は高度な哲学的論証で用いられる。,Philosophical frames,哲学論文の論理・様相・基礎づけ・規範表現。
1425,10,from the third-person perspective,三人称的観点から,The philosophical frame “from the third-person perspective” is common in advanced argumentation.,「from the third-person perspective（三人称的観点から）」は高度な哲学的論証で用いられる。,Philosophical frames,哲学論文の論理・様相・基礎づけ・規範表現。
1426,10,from the standpoint of the agent,行為者の立場から,The philosophical frame “from the standpoint of the agent” is common in advanced argumentation.,「from the standpoint of the agent（行為者の立場から）」は高度な哲学的論証で用いられる。,Philosophical frames,哲学論文の論理・様相・基礎づけ・規範表現。
1427,10,from the standpoint of the observer,観察者の立場から,The philosophical frame “from the standpoint of the observer” is common in advanced argumentation.,「from the standpoint of the observer（観察者の立場から）」は高度な哲学的論証で用いられる。,Philosophical frames,哲学論文の論理・様相・基礎づけ・規範表現。
1428,10,S is phenomenologically salient,Sは現象学的に顕著である,The philosophical frame “S is phenomenologically salient” is common in advanced argumentation.,「S is phenomenologically salient（Sは現象学的に顕著である）」は高度な哲学的論証で用いられる。,Philosophical frames,哲学論文の論理・様相・基礎づけ・規範表現。
1429,10,S is normatively significant,Sは規範的に重要である,The philosophical frame “S is normatively significant” is common in advanced argumentation.,「S is normatively significant（Sは規範的に重要である）」は高度な哲学的論証で用いられる。,Philosophical frames,哲学論文の論理・様相・基礎づけ・規範表現。
1430,10,S is epistemically significant,Sは認識的に重要である,The philosophical frame “S is epistemically significant” is common in advanced argumentation.,「S is epistemically significant（Sは認識的に重要である）」は高度な哲学的論証で用いられる。,Philosophical frames,哲学論文の論理・様相・基礎づけ・規範表現。
1431,10,S is explanatorily significant,Sは説明上重要である,The philosophical frame “S is explanatorily significant” is common in advanced argumentation.,「S is explanatorily significant（Sは説明上重要である）」は高度な哲学的論証で用いられる。,Philosophical frames,哲学論文の論理・様相・基礎づけ・規範表現。
1432,10,S is structurally produced,Sは構造的に生み出される,The philosophical frame “S is structurally produced” is common in advanced argumentation.,「S is structurally produced（Sは構造的に生み出される）」は高度な哲学的論証で用いられる。,Philosophical frames,哲学論文の論理・様相・基礎づけ・規範表現。
1433,10,S is socially situated,Sは社会的に位置づけられている,The philosophical frame “S is socially situated” is common in advanced argumentation.,「S is socially situated（Sは社会的に位置づけられている）」は高度な哲学的論証で用いられる。,Philosophical frames,哲学論文の論理・様相・基礎づけ・規範表現。
1434,10,S is socially mediated,Sは社会的に媒介されている,The philosophical frame “S is socially mediated” is common in advanced argumentation.,「S is socially mediated（Sは社会的に媒介されている）」は高度な哲学的論証で用いられる。,Philosophical frames,哲学論文の論理・様相・基礎づけ・規範表現。
1435,10,S is historically contingent,Sは歴史的に偶然的である,The philosophical frame “S is historically contingent” is common in advanced argumentation.,「S is historically contingent（Sは歴史的に偶然的である）」は高度な哲学的論証で用いられる。,Philosophical frames,哲学論文の論理・様相・基礎づけ・規範表現。
1436,10,S is conceptually possible,Sは概念的に可能である,The philosophical frame “S is conceptually possible” is common in advanced argumentation.,「S is conceptually possible（Sは概念的に可能である）」は高度な哲学的論証で用いられる。,Philosophical frames,哲学論文の論理・様相・基礎づけ・規範表現。
1437,10,S is metaphysically possible,Sは形而上学的に可能である,The philosophical frame “S is metaphysically possible” is common in advanced argumentation.,「S is metaphysically possible（Sは形而上学的に可能である）」は高度な哲学的論証で用いられる。,Philosophical frames,哲学論文の論理・様相・基礎づけ・規範表現。
1438,10,S is epistemically possible,Sは認識的に可能である,The philosophical frame “S is epistemically possible” is common in advanced argumentation.,「S is epistemically possible（Sは認識的に可能である）」は高度な哲学的論証で用いられる。,Philosophical frames,哲学論文の論理・様相・基礎づけ・規範表現。
1439,10,S is analytically true,Sは分析的に真である,The philosophical frame “S is analytically true” is common in advanced argumentation.,「S is analytically true（Sは分析的に真である）」は高度な哲学的論証で用いられる。,Philosophical frames,哲学論文の論理・様相・基礎づけ・規範表現。
1440,10,S is true a priori,Sはア・プリオリに真である,The philosophical frame “S is true a priori” is common in advanced argumentation.,「S is true a priori（Sはア・プリオリに真である）」は高度な哲学的論証で用いられる。,Philosophical frames,哲学論文の論理・様相・基礎づけ・規範表現。
1441,10,S is known a posteriori,Sはア・ポステリオリに知られる,The philosophical frame “S is known a posteriori” is common in advanced argumentation.,「S is known a posteriori（Sはア・ポステリオリに知られる）」は高度な哲学的論証で用いられる。,Philosophical frames,哲学論文の論理・様相・基礎づけ・規範表現。
1442,10,in the sense relevant here,ここで問題となる意味で,The philosophical frame “in the sense relevant here” is common in advanced argumentation.,「in the sense relevant here（ここで問題となる意味で）」は高度な哲学的論証で用いられる。,Philosophical frames,哲学論文の論理・様相・基礎づけ・規範表現。
1443,10,in the technical sense,専門的な意味で,The philosophical frame “in the technical sense” is common in advanced argumentation.,「in the technical sense（専門的な意味で）」は高度な哲学的論証で用いられる。,Philosophical frames,哲学論文の論理・様相・基礎づけ・規範表現。
1444,10,in the ordinary sense,通常の意味で,The philosophical frame “in the ordinary sense” is common in advanced argumentation.,「in the ordinary sense（通常の意味で）」は高度な哲学的論証で用いられる。,Philosophical frames,哲学論文の論理・様相・基礎づけ・規範表現。
1445,10,in the philosophical sense,哲学的な意味で,The philosophical frame “in the philosophical sense” is common in advanced argumentation.,「in the philosophical sense（哲学的な意味で）」は高度な哲学的論証で用いられる。,Philosophical frames,哲学論文の論理・様相・基礎づけ・規範表現。
1446,10,as a conceptual matter,概念上の問題として,The philosophical frame “as a conceptual matter” is common in advanced argumentation.,「as a conceptual matter（概念上の問題として）」は高度な哲学的論証で用いられる。,Philosophical frames,哲学論文の論理・様相・基礎づけ・規範表現。
1447,10,as a metaphysical matter,形而上学上の問題として,The philosophical frame “as a metaphysical matter” is common in advanced argumentation.,「as a metaphysical matter（形而上学上の問題として）」は高度な哲学的論証で用いられる。,Philosophical frames,哲学論文の論理・様相・基礎づけ・規範表現。
1448,10,as an epistemic matter,認識上の問題として,The philosophical frame “as an epistemic matter” is common in advanced argumentation.,「as an epistemic matter（認識上の問題として）」は高度な哲学的論証で用いられる。,Philosophical frames,哲学論文の論理・様相・基礎づけ・規範表現。
1449,10,as a normative matter,規範上の問題として,The philosophical frame “as a normative matter” is common in advanced argumentation.,「as a normative matter（規範上の問題として）」は高度な哲学的論証で用いられる。,Philosophical frames,哲学論文の論理・様相・基礎づけ・規範表現。
1450,10,at least conceptually,少なくとも概念上は,The philosophical frame “at least conceptually” is common in advanced argumentation.,「at least conceptually（少なくとも概念上は）」は高度な哲学的論証で用いられる。,Philosophical frames,哲学論文の論理・様相・基礎づけ・規範表現。
1451,10,at least metaphysically,少なくとも形而上学上は,The philosophical frame “at least metaphysically” is common in advanced argumentation.,「at least metaphysically（少なくとも形而上学上は）」は高度な哲学的論証で用いられる。,Philosophical frames,哲学論文の論理・様相・基礎づけ・規範表現。
1452,10,epistemically speaking,認識的に言えば,The philosophical frame “epistemically speaking” is common in advanced argumentation.,「epistemically speaking（認識的に言えば）」は高度な哲学的論証で用いられる。,Philosophical frames,哲学論文の論理・様相・基礎づけ・規範表現。
1453,10,normatively speaking,規範的に言えば,The philosophical frame “normatively speaking” is common in advanced argumentation.,「normatively speaking（規範的に言えば）」は高度な哲学的論証で用いられる。,Philosophical frames,哲学論文の論理・様相・基礎づけ・規範表現。
1454,10,metaphysically speaking,形而上学的に言えば,The philosophical frame “metaphysically speaking” is common in advanced argumentation.,「metaphysically speaking（形而上学的に言えば）」は高度な哲学的論証で用いられる。,Philosophical frames,哲学論文の論理・様相・基礎づけ・規範表現。
1455,10,conceptually speaking,概念的に言えば,The philosophical frame “conceptually speaking” is common in advanced argumentation.,「conceptually speaking（概念的に言えば）」は高度な哲学的論証で用いられる。,Philosophical frames,哲学論文の論理・様相・基礎づけ・規範表現。
1456,10,the conceptual question is whether S,概念的な問いはSかどうかである,The philosophical frame “the conceptual question is whether S” is common in advanced argumentation.,「the conceptual question is whether S（概念的な問いはSかどうかである）」は高度な哲学的論証で用いられる。,Philosophical frames,哲学論文の論理・様相・基礎づけ・規範表現。
1457,10,the empirical question is whether S,経験的な問いはSかどうかである,The philosophical frame “the empirical question is whether S” is common in advanced argumentation.,「the empirical question is whether S（経験的な問いはSかどうかである）」は高度な哲学的論証で用いられる。,Philosophical frames,哲学論文の論理・様相・基礎づけ・規範表現。
1458,10,the normative question is whether S,規範的な問いはSかどうかである,The philosophical frame “the normative question is whether S” is common in advanced argumentation.,「the normative question is whether S（規範的な問いはSかどうかである）」は高度な哲学的論証で用いられる。,Philosophical frames,哲学論文の論理・様相・基礎づけ・規範表現。
1459,10,the metaphysical question is whether S,形而上学的な問いはSかどうかである,The philosophical frame “the metaphysical question is whether S” is common in advanced argumentation.,「the metaphysical question is whether S（形而上学的な問いはSかどうかである）」は高度な哲学的論証で用いられる。,Philosophical frames,哲学論文の論理・様相・基礎づけ・規範表現。
1460,10,the epistemological question is whether S,認識論的な問いはSかどうかである,The philosophical frame “the epistemological question is whether S” is common in advanced argumentation.,「the epistemological question is whether S（認識論的な問いはSかどうかである）」は高度な哲学的論証で用いられる。,Philosophical frames,哲学論文の論理・様相・基礎づけ・規範表現。
1461,10,this is compatible with realism,これは実在論と両立する,The philosophical frame “this is compatible with realism” is common in advanced argumentation.,「this is compatible with realism（これは実在論と両立する）」は高度な哲学的論証で用いられる。,Philosophical frames,哲学論文の論理・様相・基礎づけ・規範表現。
1462,10,this is compatible with anti-realism,これは反実在論と両立する,The philosophical frame “this is compatible with anti-realism” is common in advanced argumentation.,「this is compatible with anti-realism（これは反実在論と両立する）」は高度な哲学的論証で用いられる。,Philosophical frames,哲学論文の論理・様相・基礎づけ・規範表現。
1463,10,this commits us to P,これは我々をPにコミットさせる,The philosophical frame “this commits us to P” is common in advanced argumentation.,「this commits us to P（これは我々をPにコミットさせる）」は高度な哲学的論証で用いられる。,Philosophical frames,哲学論文の論理・様相・基礎づけ・規範表現。
1464,10,this does not commit us to P,これは我々をPにコミットさせない,The philosophical frame “this does not commit us to P” is common in advanced argumentation.,「this does not commit us to P（これは我々をPにコミットさせない）」は高度な哲学的論証で用いられる。,Philosophical frames,哲学論文の論理・様相・基礎づけ・規範表現。
1465,10,the view is neutral between P and Q,その見解はPとQの間で中立である,The philosophical frame “the view is neutral between P and Q” is common in advanced argumentation.,「the view is neutral between P and Q（その見解はPとQの間で中立である）」は高度な哲学的論証で用いられる。,Philosophical frames,哲学論文の論理・様相・基礎づけ・規範表現。
1466,10,the argument is independent of P,その論証はPから独立している,The philosophical frame “the argument is independent of P” is common in advanced argumentation.,「the argument is independent of P（その論証はPから独立している）」は高度な哲学的論証で用いられる。,Philosophical frames,哲学論文の論理・様相・基礎づけ・規範表現。
1467,10,nothing in the argument requires P,その論証のどこにもPは必要ない,The philosophical frame “nothing in the argument requires P” is common in advanced argumentation.,「nothing in the argument requires P（その論証のどこにもPは必要ない）」は高度な哲学的論証で用いられる。,Philosophical frames,哲学論文の論理・様相・基礎づけ・規範表現。
1468,10,the account leaves P open,その説明はPを未決定のままにする,The philosophical frame “the account leaves P open” is common in advanced argumentation.,「the account leaves P open（その説明はPを未決定のままにする）」は高度な哲学的論証で用いられる。,Philosophical frames,哲学論文の論理・様相・基礎づけ・規範表現。
1469,10,the account rules out P,その説明はPを排除する,The philosophical frame “the account rules out P” is common in advanced argumentation.,「the account rules out P（その説明はPを排除する）」は高度な哲学的論証で用いられる。,Philosophical frames,哲学論文の論理・様相・基礎づけ・規範表現。
1470,10,the account allows P,その説明はPを許容する,The philosophical frame “the account allows P” is common in advanced argumentation.,「the account allows P（その説明はPを許容する）」は高度な哲学的論証で用いられる。,Philosophical frames,哲学論文の論理・様相・基礎づけ・規範表現。
1471,10,P is compatible with the account,Pはその説明と両立する,The philosophical frame “P is compatible with the account” is common in advanced argumentation.,「P is compatible with the account（Pはその説明と両立する）」は高度な哲学的論証で用いられる。,Philosophical frames,哲学論文の論理・様相・基礎づけ・規範表現。
1472,10,P would count against the account,Pはその説明に不利な理由となる,The philosophical frame “P would count against the account” is common in advanced argumentation.,「P would count against the account（Pはその説明に不利な理由となる）」は高度な哲学的論証で用いられる。,Philosophical frames,哲学論文の論理・様相・基礎づけ・規範表現。
1473,10,P would support the account,Pはその説明を支持する,The philosophical frame “P would support the account” is common in advanced argumentation.,「P would support the account（Pはその説明を支持する）」は高度な哲学的論証で用いられる。,Philosophical frames,哲学論文の論理・様相・基礎づけ・規範表現。
1474,10,the explanatory burden is on X,説明責任はX側にある,The philosophical frame “the explanatory burden is on X” is common in advanced argumentation.,「the explanatory burden is on X（説明責任はX側にある）」は高度な哲学的論証で用いられる。,Philosophical frames,哲学論文の論理・様相・基礎づけ・規範表現。
1475,10,X bears the burden of proof,Xが立証責任を負う,The philosophical frame “X bears the burden of proof” is common in advanced argumentation.,「X bears the burden of proof（Xが立証責任を負う）」は高度な哲学的論証で用いられる。,Philosophical frames,哲学論文の論理・様相・基礎づけ・規範表現。
1476,10,it remains to be shown that S,Sであることはまだ示されていない,The philosophical frame “it remains to be shown that S” is common in advanced argumentation.,「it remains to be shown that S（Sであることはまだ示されていない）」は高度な哲学的論証で用いられる。,Philosophical frames,哲学論文の論理・様相・基礎づけ・規範表現。
1477,10,it remains an open question whether S,Sかどうかは未解決の問いである,The philosophical frame “it remains an open question whether S” is common in advanced argumentation.,「it remains an open question whether S（Sかどうかは未解決の問いである）」は高度な哲学的論証で用いられる。,Philosophical frames,哲学論文の論理・様相・基礎づけ・規範表現。
1478,10,nothing said so far establishes S,これまで述べたことはSを確立しない,The philosophical frame “nothing said so far establishes S” is common in advanced argumentation.,「nothing said so far establishes S（これまで述べたことはSを確立しない）」は高度な哲学的論証で用いられる。,Philosophical frames,哲学論文の論理・様相・基礎づけ・規範表現。
1479,10,the issue cannot be settled a priori,その問題はア・プリオリには決着できない,The philosophical frame “the issue cannot be settled a priori” is common in advanced argumentation.,「the issue cannot be settled a priori（その問題はア・プリオリには決着できない）」は高度な哲学的論証で用いられる。,Philosophical frames,哲学論文の論理・様相・基礎づけ・規範表現。
1480,10,the issue is partly empirical,その問題は部分的に経験的である,The philosophical frame “the issue is partly empirical” is common in advanced argumentation.,「the issue is partly empirical（その問題は部分的に経験的である）」は高度な哲学的論証で用いられる。,Philosophical frames,哲学論文の論理・様相・基礎づけ・規範表現。
1481,10,the issue is partly conceptual,その問題は部分的に概念的である,The philosophical frame “the issue is partly conceptual” is common in advanced argumentation.,「the issue is partly conceptual（その問題は部分的に概念的である）」は高度な哲学的論証で用いられる。,Philosophical frames,哲学論文の論理・様相・基礎づけ・規範表現。
1482,10,the issue is partly normative,その問題は部分的に規範的である,The philosophical frame “the issue is partly normative” is common in advanced argumentation.,「the issue is partly normative（その問題は部分的に規範的である）」は高度な哲学的論証で用いられる。,Philosophical frames,哲学論文の論理・様相・基礎づけ・規範表現。
1483,10,the argument turns on P,その論証はPにかかっている,The philosophical frame “the argument turns on P” is common in advanced argumentation.,「the argument turns on P（その論証はPにかかっている）」は高度な哲学的論証で用いられる。,Philosophical frames,哲学論文の論理・様相・基礎づけ・規範表現。
1484,10,much turns on how P is understood,多くはPをどう理解するかにかかっている,The philosophical frame “much turns on how P is understood” is common in advanced argumentation.,「much turns on how P is understood（多くはPをどう理解するかにかかっている）」は高度な哲学的論証で用いられる。,Philosophical frames,哲学論文の論理・様相・基礎づけ・規範表現。
1485,10,the force of the objection depends on P,反論の力はPに依存する,The philosophical frame “the force of the objection depends on P” is common in advanced argumentation.,「the force of the objection depends on P（反論の力はPに依存する）」は高度な哲学的論証で用いられる。,Philosophical frames,哲学論文の論理・様相・基礎づけ・規範表現。
1486,10,the plausibility of the view depends on P,その見解のもっともらしさはPに依存する,The philosophical frame “the plausibility of the view depends on P” is common in advanced argumentation.,「the plausibility of the view depends on P（その見解のもっともらしさはPに依存する）」は高度な哲学的論証で用いられる。,Philosophical frames,哲学論文の論理・様相・基礎づけ・規範表現。
1487,10,on pain of contradiction,矛盾を避けるためには；さもなくば矛盾する,The philosophical frame “on pain of contradiction” is common in advanced argumentation.,「on pain of contradiction（矛盾を避けるためには；さもなくば矛盾する）」は高度な哲学的論証で用いられる。,Philosophical frames,哲学論文の論理・様相・基礎づけ・規範表現。
1488,10,on pain of circularity,循環を避けるためには,The philosophical frame “on pain of circularity” is common in advanced argumentation.,「on pain of circularity（循環を避けるためには）」は高度な哲学的論証で用いられる。,Philosophical frames,哲学論文の論理・様相・基礎づけ・規範表現。
1489,10,without loss of generality,一般性を失うことなく,The philosophical frame “without loss of generality” is common in advanced argumentation.,「without loss of generality（一般性を失うことなく）」は高度な哲学的論証で用いられる。,Philosophical frames,哲学論文の論理・様相・基礎づけ・規範表現。
1490,10,mutatis mutandis,必要な変更を加えれば同様に,The philosophical frame “mutatis mutandis” is common in advanced argumentation.,「mutatis mutandis（必要な変更を加えれば同様に）」は高度な哲学的論証で用いられる。,Philosophical frames,哲学論文の論理・様相・基礎づけ・規範表現。
1491,10,ceteris paribus,他の条件が同じなら,The philosophical frame “ceteris paribus” is common in advanced argumentation.,「ceteris paribus（他の条件が同じなら）」は高度な哲学的論証で用いられる。,Philosophical frames,哲学論文の論理・様相・基礎づけ・規範表現。
1492,10,P is analytically prior to Q,PはQに分析的に先行する,The philosophical frame “P is analytically prior to Q” is common in advanced argumentation.,「P is analytically prior to Q（PはQに分析的に先行する）」は高度な哲学的論証で用いられる。,Philosophical frames,哲学論文の論理・様相・基礎づけ・規範表現。
1493,10,P is ontologically prior to Q,PはQに存在論的に先行する,The philosophical frame “P is ontologically prior to Q” is common in advanced argumentation.,「P is ontologically prior to Q（PはQに存在論的に先行する）」は高度な哲学的論証で用いられる。,Philosophical frames,哲学論文の論理・様相・基礎づけ・規範表現。
1494,10,P is epistemically prior to Q,PはQに認識的に先行する,The philosophical frame “P is epistemically prior to Q” is common in advanced argumentation.,「P is epistemically prior to Q（PはQに認識的に先行する）」は高度な哲学的論証で用いられる。,Philosophical frames,哲学論文の論理・様相・基礎づけ・規範表現。
1495,10,P is explanatorily prior to Q,PはQに説明上先行する,The philosophical frame “P is explanatorily prior to Q” is common in advanced argumentation.,「P is explanatorily prior to Q（PはQに説明上先行する）」は高度な哲学的論証で用いられる。,Philosophical frames,哲学論文の論理・様相・基礎づけ・規範表現。
1496,10,P is neither necessary nor sufficient for Q,PはQに必要でも十分でもない,The philosophical frame “P is neither necessary nor sufficient for Q” is common in advanced argumentation.,「P is neither necessary nor sufficient for Q（PはQに必要でも十分でもない）」は高度な哲学的論証で用いられる。,Philosophical frames,哲学論文の論理・様相・基礎づけ・規範表現。
1497,10,P is both necessary and sufficient for Q,PはQに必要かつ十分である,The philosophical frame “P is both necessary and sufficient for Q” is common in advanced argumentation.,「P is both necessary and sufficient for Q（PはQに必要かつ十分である）」は高度な哲学的論証で用いられる。,Philosophical frames,哲学論文の論理・様相・基礎づけ・規範表現。
1498,10,P is a defeater for Q,PはQの打ち消し要因である,The philosophical frame “P is a defeater for Q” is common in advanced argumentation.,「P is a defeater for Q（PはQの打ち消し要因である）」は高度な哲学的論証で用いられる。,Philosophical frames,哲学論文の論理・様相・基礎づけ・規範表現。
1499,10,P is explanatorily downstream of Q,Pは説明上Qに後続する,The expression “P is explanatorily downstream of Q” is useful for reading this level of academic argument.,「P is explanatorily downstream of Q（Pは説明上Qに後続する）」はこの難易度帯の学術的議論を読むうえで有用である。,Philosophical frames,読解時に一つの意味単位として認識する。
1500,10,P is normatively downstream of Q,Pは規範上Qに後続する,The expression “P is normatively downstream of Q” is useful for reading this level of academic argument.,「P is normatively downstream of Q（Pは規範上Qに後続する）」はこの難易度帯の学術的議論を読むうえで有用である。,Philosophical frames,読解時に一つの意味単位として認識する。
